ranker,player,,pos,age,team_id,,g,mp,per,ts_pct,fg3a_per_fga_pct,fta_per_fga_pct,orb_pct,drb_pct,trb_pct,ast_pct,stl_pct,blk_pct,tov_pct,usg_pct,DUMMY,ows,dws,ws,ws_per_48,DUMMY,obpm,dbpm,bpm,vorp
1,Kareem Abdul-Jabbar*,Kareem Abdul-Jabbar,C,33,LAL,LAL,80,2976,25.5,.616,.001,.379,7.6,21.5,15.0,13.6,0.9,4.0,12.8,26.3,,9.6,4.6,14.3,.230,,4.7,1.4,6.1,6.1
2,Tom Abernethy,Tom Abernethy,SF,26,TOT,39,298,8.0,.459,.017,.373,7.1,10.6,8.8,8.0,1.1,0.6,10.4,10.3,,0.2,0.2,0.4,.062,,-2.2,-0.4,-2.6,0.0
3,Alvan Adams,Alvan Adams,C,26,PHO,PHO,75,2054,20.3,.567,.000,.298,8.6,20.5,14.7,24.5,2.4,1.9,18.7,23.0,,3.3,4.5,7.7,.180,,2.5,2.6,5.1,3.7
4,Darrell Allums,Darrell Allums,PF,22,DAL,DAL,22,276,5.3,.385,.015,.328,7.6,19.7,13.4,12.5,0.9,1.7,23.1,15.1,,-0.5,0.2,-0.3,-0.054,,-5.5,-0.1,-5.6,-0.3
5,Tiny Archibald*,Tiny Archibald,PG,32,BOS,BOS,80,2820,14.3,.582,.012,.547,1.5,5.4,3.6,28.5,1.3,0.4,21.8,17.5,,4.6,2.3,6.9,.118,,0.9,-1.0,-0.1,1.4
6,Dennis Awtrey,Dennis Awtrey,C,32,SEA,SEA,47,607,6.7,.501,.000,.215,6.1,13.3,9.8,11.5,0.9,0.7,24.5,9.0,,0.0,0.6,0.6,.047,,-3.2,0.7,-2.5,-0.1
7,James Bailey,James Bailey,PF,23,SEA,SEA,82,2539,14.5,.546,.002,.406,8.5,17.6,13.1,5.8,1.4,3.1,17.3,20.3,,1.4,3.6,4.9,.094,,-1.7,0.6,-1.1,0.6
8,Greg Ballard,Greg Ballard,SF,26,WSB,WSB,82,2610,16.7,.500,.027,.165,6.7,16.8,11.7,10.9,2.1,0.8,8.4,21.4,,2.8,4.1,6.9,.127,,0.8,1.4,2.2,2.8
9,Mike Bantom,Mike Bantom,SF,29,IND,IND,76,2375,14.5,.528,.007,.319,6.7,13.1,9.8,14.4,1.6,2.0,16.4,20.3,,1.8,2.5,4.4,.088,,-0.2,0.1,-0.1,1.2
10,Billy Ray Bates,Billy Ray Bates,SG,24,POR,POR,77,1560,19.3,.537,.060,.221,4.9,6.0,5.5,19.0,2.4,0.2,13.1,28.9,,2.4,1.2,3.6,.111,,2.3,-0.9,1.3,1.3
11,Mel Bennett,Mel Bennett,PF,26,UTA,UTA,28,313,10.7,.549,.033,1.350,12.2,21.7,17.0,6.3,0.5,2.0,24.5,17.4,,0.1,0.2,0.3,.045,,-3.7,-1.2,-5.0,-0.3
12,Kent Benson,Kent Benson,C,26,DET,DET,59,1956,15.1,.524,.005,.330,7.0,17.4,11.9,13.9,1.7,2.0,17.7,22.2,,0.6,2.5,3.1,.075,,-0.3,0.4,0.1,1.0
13,Henry Bibby,Henry Bibby,PG,31,SDC,SDC,73,1112,10.6,.480,.310,.320,2.5,5.4,3.9,23.2,2.0,0.1,17.9,15.6,,0.5,0.5,1.0,.043,,-1.0,-0.9,-1.9,0.0
14,Larry Bird*,Larry Bird,PF,24,BOS,BOS,82,3239,19.9,.528,.049,.218,7.0,23.8,15.7,20.4,2.4,1.1,14.9,24.3,,4.7,6.1,10.8,.160,,2.5,1.8,4.3,5.2
15,Otis Birdsong,Otis Birdsong,SG,25,KCK,KCK,71,2593,20.3,.580,.027,.348,5.1,5.9,5.5,14.3,1.7,0.4,10.3,26.8,,6.2,2.0,8.2,.152,,3.3,-0.8,2.4,2.9
16,Norman Black,Norman Black,SG,23,DET,DET,3,28,1.9,.296,.000,.800,0.0,8.8,4.2,10.0,1.7,0.0,6.9,21.0,,-0.1,0.0,-0.1,-0.133,,-4.7,-0.3,-5.0,-0.1
17,Ron Boone,Ron Boone,SG,34,UTA,UTA,52,1146,9.0,.492,.105,.253,1.7,6.6,4.2,19.9,1.4,0.4,21.2,19.7,,-0.8,0.2,-0.6,-0.025,,-3.2,-2.1,-5.2,-0.9
18,Winford Boynes,Winford Boynes,SG,23,DAL,DAL,44,757,6.1,.426,.000,.176,3.5,8.0,5.6,7.5,1.5,1.2,17.0,22.4,,-1.6,0.2,-1.4,-0.091,,-5.3,-2.0,-7.3,-1.0
19,Dudley Bradley,Dudley Bradley,SG,23,IND,IND,82,1867,13.7,.515,.029,.318,4.0,7.4,5.6,13.6,4.7,1.1,16.1,16.3,,1.0,2.9,3.9,.100,,-1.8,3.4,1.6,1.7
20,Mike Bratz,Mike Bratz,PG,25,CLE,CLE,80,2595,11.5,.458,.207,.162,2.7,5.9,4.2,22.4,2.5,0.4,15.6,16.1,,0.7,1.4,2.1,.038,,-1.2,0.0,-1.2,0.5
21,Jim Brewer,Jim Brewer,PF,29,LAL,LAL,78,1107,10.6,.506,.010,.203,13.2,14.2,13.8,5.8,1.8,2.8,18.3,9.5,,0.7,1.5,2.2,.097,,-1.6,1.1,-0.5,0.4
22,Ron Brewer,Ron Brewer,SG,25,TOT,75,1452,12.0,.471,.011,.181,2.6,3.8,3.2,14.0,2.0,1.3,11.9,21.1,,0.4,1.0,1.4,.046,,-1.4,-0.8,-2.2,-0.1
23,Junior Bridgeman,Junior Bridgeman,SF,27,MIL,MIL,77,2215,17.1,.534,.019,.219,4.0,10.2,7.2,15.1,1.8,0.7,11.0,24.0,,3.9,2.8,6.7,.146,,1.3,-0.2,1.1,1.7
24,Allan Bristow,Allan Bristow,SF,29,UTA,UTA,82,2001,14.9,.511,.029,.324,6.0,18.5,12.3,27.0,1.5,0.1,19.7,18.7,,1.4,1.3,2.7,.065,,0.3,-0.5,-0.2,0.9
25,Dave Britton,Dave Britton,PG,22,WSB,WSB,2,9,18.0,.667,.000,.000,0.0,23.5,11.7,49.4,5.2,0.0,40.0,22.3,,0.0,0.0,0.0,.093,,-4.4,0.4,-4.0,0.0
26,Michael Brooks,Michael Brooks,SF,22,SDC,SDC,82,2479,15.8,.519,.006,.314,9.4,11.4,10.4,12.3,1.9,0.7,12.3,21.7,,3.2,1.7,4.9,.095,,0.9,-0.9,0.0,1.2
27,Fred Brown,Fred Brown,SG,32,SEA,SEA,78,1986,18.3,.535,.062,.201,3.0,6.6,4.8,19.9,2.1,0.4,10.4,25.8,,3.5,1.8,5.2,.127,,2.1,-0.1,2.0,2.0
28,Lewis Brown,Lewis Brown,C,25,WSB,WSB,2,5,-18.6,.192,.000,1.667,20.9,21.2,21.0,0.0,0.0,0.0,16.1,49.8,,-0.1,0.0,-0.1,-0.667,,-5.3,-0.4,-5.7,0.0
29,Rickey Brown,Rickey Brown,C,22,GSW,GSW,45,580,10.9,.531,.000,.130,9.8,22.1,15.9,4.8,0.7,1.4,15.3,13.8,,0.5,0.4,0.9,.075,,-2.2,-0.6,-2.9,-0.1
30,Joe Bryant,Joe Bryant,PF,26,SDC,SDC,82,2359,12.8,.530,.019,.308,6.9,15.2,10.9,11.1,1.5,0.8,16.4,18.6,,1.7,1.7,3.4,.069,,-1.1,-0.6,-1.7,0.2
31,Quinn Buckner,Quinn Buckner,PG,26,MIL,MIL,82,2384,15.1,.522,.006,.212,4.2,9.5,6.9,21.6,3.8,0.1,18.4,21.1,,1.4,4.0,5.4,.108,,-0.9,1.7,0.8,1.7
32,Tom Burleson,Tom Burleson,C,28,ATL,ATL,31,363,8.5,.436,.000,.414,13.7,16.0,14.9,4.6,1.1,3.1,17.0,16.1,,-0.2,0.3,0.2,.021,,-4.4,-0.6,-4.9,-0.3
33,Don Buse,Don Buse,SG,30,IND,IND,58,1095,11.7,.471,.202,.226,1.8,6.7,4.2,16.4,3.2,0.4,10.7,12.9,,0.9,1.2,2.0,.089,,-1.2,1.7,0.5,0.7
34,Marty Byrnes,Marty Byrnes,SF,24,DAL,DAL,72,1360,13.6,.539,.044,.348,6.0,8.9,7.4,12.8,1.0,0.7,10.5,17.9,,2.1,0.2,2.3,.081,,0.6,-1.2,-0.6,0.5
35,Mack Calvin,Mack Calvin,PG,33,CLE,CLE,21,128,11.0,.478,.128,.897,1.6,9.1,5.2,27.4,1.9,0.0,23.8,22.4,,-0.1,0.1,0.0,-0.010,,-3.2,-1.0,-4.1,-0.1
36,Austin Carr,Austin Carr,SG,32,TOT,47,657,6.2,.403,.030,.231,3.5,6.4,4.9,11.7,1.1,0.2,13.7,18.4,,-0.9,0.5,-0.4,-0.029,,-4.3,-0.4,-4.7,-0.6
37,Kenny Carr,Kenny Carr,PF,25,CLE,CLE,81,2615,17.0,.560,.004,.446,10.5,25.6,17.6,10.2,1.4,0.9,17.4,20.4,,3.3,2.6,5.8,.107,,0.4,-0.4,0.0,1.3
38,M.L. Carr,M.L. Carr,SF,30,BOS,BOS,41,655,11.6,.505,.065,.310,4.7,9.5,7.2,11.3,2.2,1.5,16.1,18.2,,0.2,0.9,1.1,.082,,-1.6,1.2,-0.4,0.3
39,Joe Barry Carroll,Joe Barry Carroll,C,22,GSW,GSW,82,2919,16.4,.534,.002,.351,10.3,18.7,14.4,5.8,0.8,2.3,14.4,23.0,,3.7,2.0,5.7,.094,,0.0,-1.3,-1.3,0.5
40,Butch Carter,Butch Carter,SF,22,LAL,LAL,54,672,10.7,.521,.040,.385,5.8,4.7,5.2,9.9,1.6,0.1,14.8,20.2,,0.5,0.5,0.9,.067,,-2.8,-1.3,-4.1,-0.4
41,Reggie Carter,Reggie Carter,SG,23,NYK,NYK,60,536,8.8,.404,.017,.385,6.2,8.6,7.4,18.3,2.0,0.2,15.4,18.7,,-0.4,0.5,0.1,.010,,-3.3,-0.3,-3.7,-0.2
42,Bill Cartwright,Bill Cartwright,C,23,NYK,NYK,82,2925,18.4,.611,.001,.463,6.1,18.3,12.0,5.6,0.8,1.6,12.9,21.5,,6.9,3.1,10.0,.164,,1.6,-0.5,1.1,2.3
43,Harvey Catchings,Harvey Catchings,PF,29,MIL,MIL,77,1635,10.4,.480,.000,.307,10.7,21.0,16.0,7.0,0.9,6.3,23.6,10.7,,0.0,3.2,3.1,.092,,-3.0,2.9,-0.1,0.8
44,Maurice Cheeks*,Maurice Cheeks,PG,24,PHI,PHI,81,2415,16.4,.579,.014,.306,3.3,7.5,5.5,29.5,3.7,0.9,20.9,13.9,,4.0,4.5,8.5,.169,,0.9,3.1,4.0,3.7
45,Phil Chenier,Phil Chenier,SG,30,GSW,GSW,9,82,5.6,.407,.091,.182,1.3,9.6,5.4,11.1,0.0,0.0,10.1,19.2,,0.0,0.0,0.0,-0.016,,-4.1,-1.1,-5.2,-0.1
46,Jim Chones,Jim Chones,PF,31,LAL,LAL,82,2562,11.8,.528,.005,.257,8.1,19.1,13.9,7.4,0.7,2.0,16.0,15.6,,1.5,3.2,4.7,.088,,-2.0,-0.1,-2.1,-0.1
47,Art Collins,Art Collins,SG,26,ATL,ATL,29,395,4.3,.409,.020,.364,5.4,6.5,6.0,8.6,1.3,0.2,21.8,15.4,,-0.6,0.2,-0.4,-0.054,,-4.4,-1.4,-5.8,-0.4
48,Don Collins,Don Collins,SF,22,TOT,81,1845,14.5,.500,.007,.335,7.8,8.5,8.1,15.7,2.7,0.8,15.8,24.6,,0.6,2.0,2.6,.068,,-0.9,0.5,-0.5,0.7
49,Doug Collins,Doug Collins,SG,29,PHI,PHI,12,329,13.1,.533,.000,.230,2.1,7.1,4.8,17.6,1.0,0.7,13.7,19.7,,0.3,0.4,0.7,.105,,-0.6,-0.3,-0.9,0.1
50,Darwin Cook,Darwin Cook,SG,22,NJN,NJN,81,1980,15.0,.503,.031,.220,5.3,8.2,6.7,21.9,3.2,1.0,16.4,21.4,,0.6,2.1,2.7,.065,,-0.2,1.1,0.9,1.4
51,Jeff Cook,Jeff Cook,SF,24,PHO,PHO,79,2192,11.2,.491,.008,.252,8.7,14.7,11.7,11.8,1.7,1.4,17.6,14.8,,0.6,3.8,4.5,.098,,-1.5,1.2,-0.3,1.0
52,Michael Cooper,Michael Cooper,SG,24,LAL,LAL,81,2625,12.2,.530,.029,.228,5.3,8.4,6.9,15.2,2.4,1.6,18.6,13.5,,2.0,3.0,5.0,.092,,-0.6,1.5,0.9,1.9
53,Wayne Cooper,Wayne Cooper,C,24,UTA,UTA,71,1420,12.2,.479,.006,.191,13.6,21.9,17.8,5.3,0.6,2.1,13.1,17.8,,0.5,1.0,1.5,.051,,-2.5,-2.0,-4.5,-0.9
54,Dave Corzine,Dave Corzine,C,24,SAS,SAS,82,1960,16.5,.520,.004,.234,13.2,21.7,17.7,8.4,1.0,2.7,13.7,19.3,,2.6,2.5,5.1,.125,,0.3,-0.7,-0.4,0.8
55,Charlie Criss,Charlie Criss,PG,32,ATL,ATL,66,1708,13.0,.540,.043,.441,1.7,5.0,3.4,23.8,1.7,0.1,18.8,17.3,,1.8,0.7,2.5,.070,,0.1,-1.2,-1.2,0.4
56,Geoff Crompton,Geoff Crompton,C,25,POR,POR,6,33,11.0,.441,.000,.625,23.0,36.4,29.7,7.4,0.0,3.3,32.9,18.3,,-0.1,0.1,0.0,-0.029,,-4.1,-0.4,-4.4,0.0
57,Pat Cummings,Pat Cummings,C,24,MIL,MIL,74,1084,15.2,.570,.004,.304,10.2,19.4,14.9,8.0,1.3,1.0,17.9,23.0,,1.0,1.7,2.7,.121,,-1.4,-0.6,-2.0,0.0
58,Earl Cureton,Earl Cureton,C,23,PHI,PHI,52,528,13.8,.470,.005,.312,11.4,20.0,16.0,6.4,1.8,2.4,11.1,20.0,,0.1,1.1,1.2,.109,,-1.9,0.4,-1.5,0.1
59,Bob Dandridge*,Bob Dandridge,SF,33,WSB,WSB,23,545,11.6,.452,.004,.165,3.6,12.4,8.0,15.5,1.4,0.9,11.5,21.2,,-0.2,0.7,0.5,.044,,-2.2,0.8,-1.4,0.1
60,Adrian Dantley*,Adrian Dantley,SF,25,UTA,UTA,80,3417,24.3,.622,.004,.482,6.5,10.5,8.5,16.3,1.6,0.3,12.5,28.4,,12.3,1.3,13.6,.191,,5.7,-1.4,4.3,5.4
61,Brad Davis,Brad Davis,PG,25,DAL,DAL,56,1686,16.4,.626,.041,.498,1.9,8.5,5.1,33.9,1.5,0.4,19.8,15.4,,3.8,0.4,4.2,.119,,1.4,-0.9,0.5,1.1
62,Johnny Davis,Johnny Davis,PG,25,IND,IND,76,2536,15.2,.522,.036,.326,2.3,5.0,3.7,26.4,1.8,0.3,13.7,19.2,,4.1,1.6,5.7,.107,,0.7,-1.0,-0.3,1.1
63,Monti Davis,Monti Davis,PF,22,TOT,2,10,4.5,.208,.000,1.000,21.9,22.0,22.5,0.0,0.0,5.7,0.0,30.0,,-0.1,0.0,-0.1,-0.311,,-4.7,-0.4,-5.1,0.0
64,Ron Davis,Ron Davis,SF,26,SDC,SDC,64,817,11.8,.488,.025,.503,6.4,10.7,8.5,8.1,2.1,0.8,13.7,22.2,,0.0,0.6,0.6,.035,,-2.2,-1.0,-3.2,-0.3
65,Walter Davis,Walter Davis,SG,26,PHO,PHO,78,2182,18.4,.579,.015,.227,3.2,6.8,5.1,21.8,2.0,0.3,15.5,25.6,,4.0,3.2,7.1,.157,,1.8,0.1,1.9,2.1
66,Darryl Dawkins,Darryl Dawkins,C,24,PHI,PHI,76,2088,15.9,.641,.000,.436,6.0,21.4,14.2,7.3,0.8,3.0,20.9,20.3,,2.2,4.1,6.3,.145,,-1.3,1.3,0.1,1.1
67,Larry Demic,Larry Demic,PF,23,NYK,NYK,76,964,10.4,.533,.008,.362,13.0,15.8,14.4,3.9,0.6,0.8,16.5,14.8,,0.8,0.8,1.6,.081,,-2.5,-1.5,-4.0,-0.5
68,Coby Dietrick,Coby Dietrick,C,32,CHI,CHI,82,1243,11.8,.503,.019,.347,7.6,16.4,12.1,12.6,1.8,2.4,19.3,15.0,,0.5,1.5,2.1,.080,,-1.3,1.5,0.2,0.7
69,James Donaldson,James Donaldson,C,23,SEA,SEA,68,980,15.9,.574,.000,.714,12.3,22.2,17.3,6.0,0.4,4.1,17.9,15.8,,1.1,1.4,2.5,.124,,0.2,0.5,0.8,0.7
70,Jacky Dorsey,Jacky Dorsey,SF,26,SEA,SEA,29,253,5.4,.327,.000,.357,10.2,27.6,19.1,4.6,1.7,0.2,14.7,15.3,,-0.5,0.4,-0.1,-0.010,,-5.8,-0.7,-6.5,-0.3
71,Leon Douglas,Leon Douglas,C,26,KCK,KCK,79,1356,12.5,.583,.009,.576,12.4,19.1,15.7,6.7,0.9,1.6,18.2,15.1,,1.6,1.6,3.2,.112,,-2.1,-0.3,-2.5,-0.2
72,John Drew,John Drew,SF,26,ATL,ATL,67,2075,19.2,.539,.006,.526,7.9,13.3,10.6,6.5,2.3,0.4,12.6,30.9,,3.5,1.9,5.4,.124,,1.0,-1.3,-0.3,0.9
73,Larry Drew,Larry Drew,PG,22,DET,DET,76,1581,9.3,.464,.035,.275,1.7,7.5,4.4,22.7,2.6,0.3,23.4,18.1,,-1.6,1.6,0.0,-0.001,,-3.5,-0.2,-3.7,-0.7
74,Ralph Drollinger,Ralph Drollinger,C,26,DAL,DAL,6,67,5.3,.476,.000,.286,8.2,24.7,16.1,29.6,0.7,1.7,45.2,17.9,,-0.2,0.1,-0.2,-0.117,,-5.0,0.8,-4.1,-0.1
75,Terry Duerod,Terry Duerod,SG-SF,24,TOT,50,451,13.8,.490,.068,.175,4.2,7.0,5.5,13.3,1.8,0.5,12.2,26.4,,0.0,0.2,0.2,.018,,-0.9,-1.3,-2.1,0.0
76,Mike Dunleavy,Mike Dunleavy,SG,26,HOU,HOU,74,1609,15.0,.544,.025,.294,1.9,6.3,4.1,23.5,1.9,0.1,16.1,21.5,,2.1,0.9,3.0,.091,,-0.1,-0.8,-0.9,0.5
77,T.R. Dunn,T.R. Dunn,SG,25,DEN,DEN,82,1427,10.2,.456,.006,.342,9.3,12.3,10.8,6.7,2.0,1.0,12.1,12.1,,0.7,0.8,1.6,.052,,-0.9,-0.1,-1.0,0.3
78,John Duren,John Duren,PG,22,UTA,UTA,40,458,2.6,.338,.010,.089,2.0,6.7,4.4,15.3,1.9,0.3,26.1,13.3,,-1.1,0.2,-0.9,-0.099,,-6.6,-0.9,-7.5,-0.6
79,James Edwards,James Edwards,C,25,IND,IND,81,2375,18.2,.547,.003,.346,8.5,18.0,13.1,13.3,0.6,3.1,12.4,22.3,,4.4,2.6,7.0,.141,,1.2,0.1,1.3,2.0
80,Bob Elliott,Bob Elliott,C,25,NJN,NJN,73,1320,12.3,.541,.005,.482,8.7,13.7,11.2,13.7,1.2,0.7,19.0,18.8,,0.6,0.9,1.6,.057,,-1.2,-0.8,-1.9,0.0
81,Len Elmore,Len Elmore,C,28,MIL,MIL,72,925,8.6,.420,.000,.354,8.4,16.3,12.4,8.7,1.9,3.2,15.2,12.2,,0.0,1.6,1.6,.083,,-3.5,2.1,-1.4,0.1
82,Alex English*,Alex English,SF,27,DEN,DEN,81,3093,19.7,.549,.003,.295,8.8,12.6,10.7,13.4,1.5,1.6,12.1,24.0,,6.7,1.6,8.3,.129,,3.1,-1.0,2.2,3.2
83,Julius Erving*,Julius Erving,SF,30,PHI,PHI,82,2874,25.1,.572,.012,.352,10.0,14.6,12.5,19.8,2.8,2.8,13.1,28.4,,7.8,6.1,13.8,.231,,5.2,2.3,7.5,6.9
84,Mike Evans,Mike Evans,PG,25,MIL,MIL,71,911,11.1,.501,.048,.220,2.7,7.7,5.3,23.1,1.7,0.2,18.4,16.8,,0.6,1.0,1.6,.082,,-1.7,-0.1,-1.8,0.0
85,Eric Fernsten,Eric Fernsten,C,27,BOS,BOS,45,279,11.0,.521,.000,.380,12.4,12.9,12.7,4.7,1.0,1.4,17.8,16.4,,0.1,0.3,0.5,.079,,-1.9,-0.6,-2.4,0.0
86,Chris Ford,Chris Ford,SG,32,BOS,BOS,82,2723,8.8,.488,.154,.123,3.1,3.7,3.4,13.7,1.7,0.5,14.6,13.0,,1.3,2.4,3.7,.066,,-1.5,0.6,-0.9,0.7
87,Don Ford,Don Ford,SF,28,CLE,CLE,64,996,8.2,.473,.013,.107,7.8,10.5,9.1,10.6,0.7,0.7,17.3,11.4,,0.3,0.3,0.6,.028,,-2.0,-0.8,-2.8,-0.2
88,Phil Ford,Phil Ford,PG,24,KCK,KCK,66,2287,17.3,.553,.041,.399,1.3,4.9,3.1,35.5,2.1,0.1,18.8,23.3,,3.4,1.9,5.2,.110,,1.8,-1.3,0.5,1.4
89,World B. Free,World B. Free,SG,27,GSW,GSW,65,2370,19.5,.542,.027,.561,2.2,5.3,3.7,22.3,1.7,0.3,11.9,27.4,,6.8,0.6,7.4,.150,,2.9,-1.4,1.5,2.1
90,Tony Fuller,Tony Fuller,SG,22,DET,DET,15,248,6.9,.411,.015,.242,5.8,14.4,9.8,15.6,1.9,0.2,23.9,15.7,,-0.4,0.3,-0.1,-0.021,,-4.0,0.0,-4.0,-0.2
91,Mike Gale,Mike Gale,PG,30,TOT,77,1112,13.7,.547,.023,.220,1.6,8.0,4.8,19.6,3.9,0.3,18.5,14.8,,1.0,1.4,2.4,.105,,-1.5,2.3,0.8,0.8
92,Calvin Garrett,Calvin Garrett,SF,24,HOU,HOU,70,1638,8.8,.483,.007,.149,5.7,12.3,9.0,10.2,1.5,0.3,16.9,13.2,,0.2,1.2,1.4,.040,,-2.2,-0.2,-2.3,-0.1
93,Gus Gerard,Gus Gerard,SF,27,TOT,27,252,12.5,.424,.036,.360,13.4,15.7,14.6,8.1,1.9,2.0,10.4,23.1,,0.0,0.3,0.3,.058,,-3.2,-0.5,-3.7,-0.1
94,George Gervin*,George Gervin,SG,28,SAS,SAS,82,2765,22.9,.555,.020,.359,5.2,11.1,8.2,15.8,1.6,1.1,11.1,32.3,,8.1,2.4,10.5,.182,,4.2,-1.2,2.9,3.5
95,Artis Gilmore*,Artis Gilmore,C,31,CHI,CHI,82,2832,21.7,.699,.000,.652,9.2,23.5,16.7,8.9,0.8,4.0,18.4,18.5,,8.4,3.9,12.3,.208,,3.1,1.2,4.3,4.5
96,Mike Glenn,Mike Glenn,PG,25,NYK,NYK,82,1506,15.0,.601,.022,.215,2.0,4.8,3.3,10.3,2.3,0.2,10.0,16.8,,3.1,1.3,4.4,.139,,0.1,0.8,0.9,1.1
97,Mike Gminski,Mike Gminski,C,21,NJN,NJN,56,1579,14.5,.474,.001,.294,9.6,20.6,15.0,6.6,1.6,3.6,14.1,22.7,,-0.5,2.0,1.5,.045,,-1.6,-0.3,-1.8,0.1
98,Glen Gondrezick,Glen Gondrezick,PF,25,DEN,DEN,73,1077,16.3,.542,.006,.416,12.6,16.6,14.5,9.6,3.7,0.9,15.1,15.8,,1.8,1.3,3.1,.136,,0.3,1.4,1.7,1.0
99,Rickey Green,Rickey Green,PG,26,UTA,UTA,47,1307,13.6,.516,.003,.265,2.7,7.5,5.1,25.3,2.8,0.0,16.9,16.2,,1.0,0.7,1.8,.065,,-1.2,0.0,-1.2,0.3
100,Dave Greenwood,Dave Greenwood,PF,23,CHI,CHI,82,2710,16.6,.528,.002,.293,10.7,19.4,15.2,11.6,1.4,2.6,14.7,19.7,,3.8,3.4,7.1,.126,,0.8,0.4,1.2,2.2
101,Kevin Grevey,Kevin Grevey,SG,27,WSB,WSB,75,2616,14.5,.524,.123,.263,2.7,6.2,4.4,16.2,1.2,0.4,10.5,21.1,,3.4,2.4,5.8,.107,,0.5,0.1,0.6,1.7
102,Paul Griffin,Paul Griffin,PF,27,SAS,SAS,82,1930,13.8,.575,.000,.778,10.8,17.4,14.2,15.8,1.9,1.1,23.2,11.7,,2.6,2.3,4.9,.122,,0.8,1.0,1.8,1.8
103,Darrell Griffith,Darrell Griffith,SG,22,UTA,UTA,81,2867,14.7,.496,.034,.207,3.2,8.3,5.8,11.4,1.8,0.8,12.1,28.8,,-0.8,1.1,0.4,.006,,-1.0,-2.2,-3.2,-0.9
104,Bob Gross,Bob Gross,SF,27,POR,POR,82,1934,14.0,.584,.019,.332,7.1,11.4,9.2,16.0,2.2,1.9,21.6,14.3,,2.3,2.1,4.4,.110,,0.3,1.3,1.7,1.8
105,Ernie Grunfeld,Ernie Grunfeld,SF,25,KCK,KCK,79,1584,13.7,.561,.000,.208,2.2,12.2,7.2,17.6,1.8,0.5,14.2,16.2,,1.8,1.7,3.5,.106,,-0.7,0.8,0.1,0.8
106,Roy Hamilton,Roy Hamilton,PG,23,POR,POR,1,5,10.4,.387,.000,.667,43.4,21.8,32.6,0.0,0.0,0.0,20.5,38.7,,0.0,0.0,0.0,-0.127,,-4.6,-0.2,-4.8,0.0
107,Bill Hanzlik,Bill Hanzlik,SF,23,SEA,SEA,74,1259,11.0,.558,.017,.519,6.0,7.3,6.7,12.0,2.2,0.9,19.1,14.2,,1.1,1.3,2.4,.091,,-1.9,1.1,-0.7,0.4
108,Alan Hardy,Alan Hardy,SG,23,LAL,LAL,22,111,7.5,.402,.000,.169,8.3,10.1,9.3,3.6,0.4,4.3,14.8,26.9,,-0.3,0.1,-0.2,-0.072,,-5.1,-1.2,-6.3,-0.2
109,James Hardy,James Hardy,PF,24,UTA,UTA,23,509,11.9,.480,.000,.180,8.9,20.9,15.0,9.5,2.0,2.3,16.1,12.1,,0.1,0.5,0.7,.064,,-1.3,0.9,-0.4,0.2
110,Mike Harper,Mike Harper,PF,23,POR,POR,55,461,8.4,.430,.022,.625,6.6,15.4,11.0,4.5,2.3,2.4,15.6,17.7,,-0.6,0.6,0.1,.006,,-4.8,0.4,-4.4,-0.3
111,Joe Hassett,Joe Hassett,SG,25,TOT,41,714,14.2,.510,.459,.062,3.7,7.0,5.3,15.3,0.9,0.2,5.9,21.1,,1.4,0.0,1.4,.097,,2.1,-1.6,0.5,0.4
112,Steve Hawes,Steve Hawes,C,30,ATL,ATL,74,2309,14.7,.585,.006,.436,8.1,19.9,13.9,10.7,1.5,0.8,17.5,16.5,,3.4,2.3,5.7,.119,,0.2,0.2,0.4,1.4
113,Elvin Hayes*,Elvin Hayes,PF,35,WSB,WSB,81,2931,14.9,.483,.008,.339,8.4,20.0,14.1,4.8,1.1,3.2,11.3,23.0,,0.1,4.9,5.1,.083,,-1.6,0.6,-1.1,0.7
114,Gar Heard,Gar Heard,PF,32,SDC,SDC,78,1631,10.9,.428,.018,.255,8.2,17.1,12.4,9.5,3.1,2.6,15.5,13.0,,-0.2,2.2,2.0,.059,,-2.1,2.0,-0.2,0.8
115,Gerald Henderson,Gerald Henderson,PG,25,BOS,BOS,82,1608,10.4,.491,.028,.271,3.2,6.1,4.7,17.8,2.3,0.4,19.8,20.5,,-0.6,1.8,1.3,.037,,-2.8,0.2,-2.6,-0.2
116,Tom Henderson,Tom Henderson,SG,29,HOU,HOU,66,1411,10.9,.471,.009,.286,2.4,5.9,4.1,27.0,1.8,0.2,19.9,13.4,,0.8,0.8,1.5,.052,,-1.3,-0.6,-1.8,0.1
117,Keith Herron,Keith Herron,SG,24,DET,DET,80,2270,13.4,.511,.012,.280,4.7,6.1,5.4,10.4,1.9,0.7,12.5,21.8,,1.6,1.9,3.5,.074,,-0.6,-0.6,-1.3,0.4
118,Kenny Higgs,Kenny Higgs,PG,26,DEN,DEN,72,1689,11.9,.511,.072,.363,1.4,7.5,4.4,29.3,2.6,0.2,23.2,15.7,,0.7,0.9,1.5,.043,,-1.9,-0.5,-2.4,-0.2
119,Johnny High,Johnny High,PG,23,PHO,PHO,81,1750,10.8,.489,.042,.458,5.7,8.6,7.2,15.0,3.4,0.8,21.4,19.6,,-0.8,3.3,2.5,.069,,-3.4,1.9,-1.5,0.2
120,Armond Hill,Armond Hill,PG,27,TOT,75,1738,8.0,.457,.021,.513,2.7,7.5,5.1,21.8,1.8,0.4,23.6,12.7,,-0.3,1.3,1.0,.028,,-3.4,0.2,-3.2,-0.5
121,Brad Holland,Brad Holland,SG,24,LAL,LAL,41,295,9.8,.490,.027,.441,3.5,6.9,5.3,9.8,3.3,0.2,19.0,22.3,,-0.2,0.4,0.1,.024,,-4.8,0.2,-4.6,-0.2
122,Lionel Hollins,Lionel Hollins,PG,27,PHI,PHI,82,2154,11.0,.506,.022,.246,2.6,6.8,4.8,21.4,2.2,0.5,21.2,18.3,,-0.3,3.1,2.9,.064,,-2.2,0.6,-1.6,0.2
123,Cedrick Hordges,Cedrick Hordges,PF,24,DEN,DEN,68,1599,10.7,.509,.006,.388,7.5,22.1,14.6,8.0,0.9,0.6,17.6,15.8,,0.5,1.0,1.5,.044,,-2.3,-1.0,-3.3,-0.5
124,Phil Hubbard,Phil Hubbard,PF,24,DET,DET,80,2289,15.4,.544,.003,.484,11.3,18.9,14.9,10.4,1.7,0.5,17.7,22.9,,1.8,2.7,4.5,.094,,-0.7,-0.7,-1.4,0.3
125,Kim Hughes,Kim Hughes,C,28,TOT,53,490,6.3,.388,.000,.029,10.1,18.0,13.9,8.3,2.6,3.9,38.3,9.2,,-0.7,0.6,-0.1,-0.007,,-5.4,2.2,-3.2,-0.1
126,Geoff Huston,Geoff Huston,PG,23,TOT,81,2434,13.4,.518,.005,.225,2.0,4.5,3.2,25.1,1.2,0.2,14.7,20.7,,1.7,0.0,1.7,.034,,0.0,-2.2,-2.2,-0.1
127,Dan Issel*,Dan Issel,C,32,DEN,DEN,80,2641,21.7,.575,.010,.561,8.6,17.7,13.1,8.4,1.4,1.0,7.9,23.2,,8.9,1.6,10.5,.190,,3.7,-1.1,2.7,3.1
128,Tony Jackson,Tony Jackson,PG,23,LAL,LAL,2,14,12.9,.333,.000,.000,0.0,14.6,7.7,16.2,6.7,0.0,0.0,8.6,,0.0,0.0,0.0,.124,,-4.3,0.6,-3.6,0.0
129,Abdul Jeelani,Abdul Jeelani,SF,26,DAL,DAL,66,1108,15.5,.515,.002,.500,8.2,15.7,11.8,9.2,1.9,1.6,13.9,23.5,,0.8,0.8,1.6,.070,,-0.5,-0.7,-1.2,0.2
130,Clemon Johnson,Clemon Johnson,C,24,IND,IND,81,1643,15.6,.530,.002,.406,11.1,20.2,15.5,11.8,1.3,4.1,18.1,16.3,,1.4,2.3,3.7,.108,,-0.2,1.2,1.0,1.3
131,Dennis Johnson*,Dennis Johnson,PG,26,PHO,PHO,79,2615,17.0,.516,.042,.411,6.9,8.4,7.7,15.8,2.4,1.3,12.6,24.6,,4.0,4.4,8.4,.154,,1.0,0.8,1.8,2.5
132,Eddie Johnson,Eddie Johnson,SG,25,ATL,ATL,75,2693,17.9,.554,.018,.313,2.5,5.1,3.8,24.7,2.3,0.2,13.2,22.9,,5.3,1.5,6.9,.122,,2.1,-0.5,1.6,2.4
133,George Johnson,George Johnson,C,32,SAS,SAS,82,1935,13.5,.517,.000,.314,12.6,20.9,16.9,5.8,1.1,7.7,21.8,10.4,,1.1,3.4,4.5,.112,,-1.4,3.0,1.6,1.8
134,George Johnson,George Johnson,PF,24,IND,IND,43,930,17.4,.510,.013,.310,11.3,21.6,16.3,13.4,2.4,1.4,16.0,22.9,,0.7,1.4,2.2,.112,,0.1,0.3,0.4,0.6
135,John Johnson,John Johnson,SF,33,SEA,SEA,80,2324,11.3,.479,.001,.247,6.5,10.5,8.6,19.6,1.2,0.6,19.3,20.9,,-0.8,2.0,1.2,.025,,-1.4,-0.9,-2.4,-0.2
136,Lee Johnson,Lee Johnson,PF,23,TOT,12,90,0.8,.313,.000,.200,7.4,20.2,13.7,1.4,0.0,3.1,20.5,15.4,,-0.3,0.1,-0.2,-0.095,,-5.8,-0.6,-6.4,-0.2
137,Magic Johnson*,Magic Johnson,SG,21,LAL,LAL,37,1371,25.7,.582,.029,.383,8.5,16.4,12.7,31.8,4.3,1.0,17.2,24.3,,3.8,2.6,6.4,.225,,5.6,3.3,8.8,3.8
138,Marques Johnson,Marques Johnson,SF,24,MIL,MIL,76,2542,22.0,.583,.008,.330,10.1,12.4,11.3,19.7,2.1,0.9,12.6,23.3,,7.6,3.6,11.2,.211,,5.1,0.5,5.6,4.9
139,Mickey Johnson,Mickey Johnson,PF,28,MIL,MIL,82,2118,16.3,.516,.021,.392,9.8,18.4,14.2,17.7,2.1,1.9,18.8,22.6,,1.6,3.7,5.3,.121,,0.3,1.1,1.4,1.8
140,Ollie Johnson,Ollie Johnson,SF,31,PHI,PHI,40,372,16.7,.588,.038,.196,2.5,12.9,8.1,11.8,2.5,0.3,12.7,21.3,,0.6,0.7,1.3,.161,,-0.4,1.4,1.0,0.3
141,Reggie Johnson,Reggie Johnson,PF,23,SAS,SAS,79,1716,12.9,.527,.001,.283,8.8,13.7,11.4,6.5,1.2,1.5,14.5,20.7,,1.4,1.6,3.0,.085,,-2.1,-1.1,-3.2,-0.5
142,Vinnie Johnson,Vinnie Johnson,PG,24,SEA,SEA,81,2311,16.8,.583,.006,.344,9.4,8.0,8.7,22.2,1.6,0.5,19.3,19.7,,4.0,1.9,5.9,.122,,2.1,-0.3,1.9,2.3
143,Bobby Jones*,Bobby Jones,PF,29,PHI,PHI,81,2046,20.1,.604,.004,.460,8.2,14.6,11.6,15.4,2.2,2.0,14.1,20.8,,5.4,3.9,9.2,.217,,2.7,2.0,4.7,3.5
144,Caldwell Jones,Caldwell Jones,C,30,PHI,PHI,81,2639,10.1,.512,.000,.398,8.9,23.6,16.8,5.5,0.9,2.8,22.8,11.3,,0.1,5.4,5.5,.100,,-2.1,1.5,-0.6,0.9
145,Dwight Jones,Dwight Jones,PF,28,CHI,CHI,81,1574,13.1,.532,.000,.318,9.6,19.0,14.5,8.8,1.2,1.3,17.9,18.2,,1.2,1.7,2.9,.089,,-1.2,-0.4,-1.5,0.2
146,Edgar Jones,Edgar Jones,PF,24,NJN,NJN,60,950,17.6,.578,.011,.611,10.7,20.8,15.6,6.7,1.7,4.8,18.2,23.0,,0.9,1.4,2.3,.116,,-1.5,1.2,-0.3,0.4
147,Major Jones,Major Jones,PF,27,HOU,HOU,68,1003,10.3,.503,.004,.401,10.6,15.5,13.0,5.2,0.9,1.3,16.1,14.3,,0.5,0.8,1.2,.060,,-1.9,-1.0,-2.9,-0.2
148,Eddie Jordan,Eddie Jordan,PG,26,TOT,74,1226,10.4,.482,.063,.361,2.8,5.8,4.4,24.1,3.7,0.3,26.0,18.0,,-0.9,1.5,0.6,.024,,-3.4,0.8,-2.6,-0.1
149,Walter Jordan,Walter Jordan,SF,24,CLE,CLE,30,207,8.5,.412,.000,.227,11.7,10.7,11.2,7.0,2.5,1.4,17.1,19.3,,-0.3,0.2,-0.1,-0.021,,-4.2,-0.3,-4.6,-0.2
150,Jeff Judkins,Jeff Judkins,SF,24,UTA,UTA,62,666,11.1,.499,.130,.236,5.1,10.9,8.0,12.5,1.2,0.2,11.2,17.4,,0.5,0.2,0.7,.052,,-1.6,-1.5,-3.1,-0.2
151,Clarence Kea,Clarence Kea,PF,21,DAL,DAL,16,199,17.3,.540,.012,.765,15.4,23.1,19.1,4.0,1.5,0.3,12.9,26.1,,0.3,0.2,0.5,.120,,-1.7,-1.7,-3.4,-0.1
152,Rich Kelley,Rich Kelley,C,27,PHO,PHO,81,1686,14.4,.580,.005,.597,8.7,19.9,14.4,21.1,2.1,2.1,30.0,16.1,,0.7,3.6,4.3,.121,,-0.5,2.9,2.3,1.9
153,Greg Kelser,Greg Kelser,SF,23,DET,DET,25,654,11.8,.464,.007,.372,8.9,12.6,10.7,10.8,2.5,2.6,19.0,25.3,,-0.9,0.9,0.0,-0.002,,-3.1,0.2,-3.0,-0.2
154,Larry Kenon,Larry Kenon,SF,28,CHI,CHI,77,2161,15.2,.516,.000,.259,9.9,11.1,10.5,8.4,1.7,0.5,13.3,22.9,,2.4,1.8,4.1,.092,,0.4,-1.6,-1.1,0.5
155,Chad Kinch,Chad Kinch,SG,22,TOT,41,353,7.0,.396,.000,.128,2.1,8.6,5.2,17.5,1.5,1.0,16.8,20.6,,-0.7,0.1,-0.5,-0.071,,-4.0,-0.8,-4.8,-0.3
156,Bernard King*,Bernard King,SF,24,GSW,GSW,81,2914,19.9,.617,.005,.351,6.7,14.4,10.5,15.1,1.2,0.7,15.6,23.2,,7.7,1.4,9.1,.150,,3.5,-0.7,2.8,3.6
157,Reggie King,Reggie King,PF,23,KCK,KCK,81,2743,16.9,.583,.000,.445,9.6,22.2,15.9,6.1,1.8,0.9,13.7,18.1,,4.4,3.9,8.3,.145,,0.8,-0.2,0.6,1.8
158,Billy Knight,Billy Knight,SG,28,IND,IND,82,2385,19.9,.596,.019,.400,8.5,10.3,9.4,10.0,1.7,0.3,12.8,23.2,,6.5,1.9,8.4,.170,,3.4,-1.2,2.2,2.5
159,Joel Kramer,Joel Kramer,PF,25,PHO,PHO,82,1065,11.8,.562,.004,.353,8.1,15.8,12.0,10.6,1.5,0.9,18.4,13.4,,1.0,1.8,2.9,.129,,-1.3,1.2,-0.1,0.5
160,Wayne Kreklow,Wayne Kreklow,SG,24,BOS,BOS,25,100,-1.9,.292,.085,.213,2.4,10.9,6.8,11.3,1.0,0.6,16.3,25.0,,-0.5,0.1,-0.3,-0.167,,-7.4,-1.3,-8.8,-0.3
161,Kevin Kunnert,Kevin Kunnert,C,29,POR,POR,55,842,12.7,.509,.000,.250,12.6,24.5,18.5,9.7,0.9,2.1,17.3,13.6,,0.8,1.1,1.9,.106,,-1.6,0.2,-1.4,0.1
162,Mitch Kupchak,Mitch Kupchak,PF,26,WSB,WSB,82,1934,16.6,.571,.001,.455,10.7,20.3,15.5,4.6,0.9,0.7,15.2,22.0,,2.5,2.7,5.2,.130,,0.1,-0.4,-0.3,0.8
163,Sam Lacey,Sam Lacey,C,32,KCK,KCK,82,2228,13.5,.483,.009,.218,6.6,22.5,14.6,22.5,2.0,3.1,23.7,14.3,,0.2,3.8,4.0,.086,,-0.9,3.5,2.6,2.6
164,Tom LaGarde,Tom LaGarde,C,25,DAL,DAL,82,2670,13.5,.518,.000,.500,7.3,21.6,14.2,13.6,0.6,1.0,16.0,20.2,,1.3,1.4,2.7,.048,,-0.9,-0.9,-1.9,0.1
165,Bill Laimbeer,Bill Laimbeer,C,23,CLE,CLE,81,2460,14.2,.536,.000,.228,11.4,20.2,15.6,11.5,1.1,1.8,15.2,14.2,,3.4,2.0,5.4,.104,,-0.3,0.3,0.0,1.3
166,John Lambert,John Lambert,PF,28,TOT,46,483,8.4,.440,.012,.139,6.5,14.9,10.7,7.7,1.2,0.6,9.8,16.6,,-0.1,0.5,0.4,.039,,-4.2,-0.6,-4.8,-0.3
167,Mark Landsberger,Mark Landsberger,PF,25,LAL,LAL,69,1086,12.5,.516,.003,.355,16.1,21.2,18.8,3.1,0.8,0.3,14.7,16.4,,0.9,1.3,2.2,.099,,-1.5,-2.5,-4.0,-0.5
168,Bob Lanier*,Bob Lanier,C,32,MIL,MIL,67,1753,19.7,.573,.001,.387,8.3,17.5,13.0,14.0,1.9,2.6,14.2,21.8,,3.7,3.0,6.8,.185,,2.5,1.4,3.9,2.6
169,Edmund Lawrence,Edmund Lawrence,C,28,DET,DET,3,19,19.4,.615,.000,.500,11.6,13.0,12.2,9.5,2.5,0.0,9.3,22.9,,0.1,0.0,0.1,.201,,-3.8,0.1,-3.7,0.0
170,Allen Leavell,Allen Leavell,PG,23,HOU,HOU,79,1686,13.9,.523,.031,.272,2.0,6.9,4.4,30.4,2.7,0.5,23.5,19.3,,0.5,1.4,1.9,.055,,-0.5,-0.2,-0.7,0.6
171,Ron Lee,Ron Lee,PG,28,DET,DET,82,1829,9.9,.435,.040,.483,3.9,10.5,7.0,26.1,4.3,0.9,30.6,12.5,,-1.5,2.9,1.4,.037,,-3.8,3.0,-0.8,0.6
172,Ronnie Lester,Ronnie Lester,PG,22,CHI,CHI,8,83,8.2,.520,.000,.458,4.3,3.9,4.1,11.2,1.1,0.0,23.8,18.6,,0.0,0.0,0.0,.008,,-3.2,-0.9,-4.1,-0.1
173,Scott Lloyd,Scott Lloyd,C,28,DAL,DAL,72,2186,9.3,.500,.004,.375,8.1,15.8,11.8,10.4,0.8,0.7,18.5,15.0,,0.2,0.7,1.0,.021,,-2.6,-1.1,-3.7,-0.9
174,John Long,John Long,SG,24,DET,DET,59,1750,15.6,.503,.011,.192,6.0,7.2,6.5,10.7,2.6,0.7,12.7,27.5,,0.6,1.8,2.4,.065,,-0.3,-0.5,-0.7,0.6
175,John Lucas,John Lucas,PG,27,GSW,GSW,66,1919,11.6,.487,.047,.287,1.9,7.0,4.5,30.7,2.1,0.1,24.5,15.6,,0.6,0.7,1.3,.032,,-0.6,-1.1,-1.7,0.2
176,Maurice Lucas,Maurice Lucas,PF,28,NJN,NJN,68,2162,14.6,.528,.002,.304,7.8,22.5,15.0,11.6,1.2,1.5,15.7,20.5,,1.2,2.3,3.5,.078,,-0.8,-0.1,-0.9,0.6
177,Ollie Mack,Ollie Mack,SG,23,TOT,65,1682,12.8,.483,.015,.206,6.0,9.7,7.8,15.1,1.6,0.2,9.6,18.2,,1.1,0.5,1.6,.046,,-0.3,-0.9,-1.2,0.3
178,Kyle Macy,Kyle Macy,PG,23,PHO,PHO,82,1469,14.5,.567,.096,.224,3.4,6.5,5.0,15.1,2.4,0.2,14.0,18.0,,2.3,2.2,4.5,.148,,-0.2,1.1,0.8,1.1
179,Rick Mahorn,Rick Mahorn,PF,22,WSB,WSB,52,696,13.6,.526,.000,.183,10.0,22.5,16.2,4.9,1.4,3.4,13.8,15.8,,0.4,1.3,1.8,.123,,-2.7,2.1,-0.6,0.2
180,Moses Malone*,Moses Malone,C,25,HOU,HOU,80,3245,25.1,.585,.002,.520,16.1,24.5,20.3,6.6,1.2,2.6,14.0,27.6,,9.5,4.2,13.7,.202,,4.5,-1.2,3.3,4.3
181,Wes Matthews,Wes Matthews,PG,21,TOT,79,2266,13.1,.549,.027,.323,2.2,4.6,3.4,26.2,2.3,0.4,22.7,20.7,,0.7,1.9,2.6,.055,,-0.9,-0.3,-1.2,0.5
182,Cedric Maxwell,Cedric Maxwell,SF,25,BOS,BOS,81,2730,17.6,.651,.001,.600,9.7,12.1,11.0,10.8,1.4,1.4,16.0,16.8,,7.6,3.3,11.0,.193,,2.7,0.7,3.5,3.8
183,Scott May,Scott May,SF,26,CHI,CHI,63,815,17.2,.549,.000,.441,9.1,12.5,10.8,11.5,2.0,0.5,15.0,23.7,,1.4,0.8,2.2,.127,,1.0,-0.7,0.3,0.5
184,Bill Mayfield,Bill Mayfield,SF,23,GSW,GSW,7,54,6.8,.450,.000,.111,14.2,4.2,9.2,2.5,0.0,1.0,13.7,16.1,,0.0,0.0,0.0,.000,,-3.6,-1.0,-4.6,-0.1
185,Bob McAdoo*,Bob McAdoo,PF,29,TOT,16,321,14.4,.471,.006,.261,5.8,18.8,12.0,14.7,2.5,2.3,15.5,25.8,,-0.3,0.5,0.2,.029,,-2.0,0.5,-1.4,0.1
186,Andre McCarter,Andre McCarter,PG,27,WSB,WSB,43,448,8.8,.419,.059,.178,3.7,5.4,4.6,20.8,1.5,0.0,14.2,15.2,,-0.1,0.4,0.3,.034,,-2.9,0.3,-2.6,-0.1
187,Keith McCord,Keith McCord,SG,23,WSB,WSB,2,9,7.9,.500,.000,.000,11.6,11.8,11.7,16.5,0.0,0.0,33.3,26.8,,0.0,0.0,0.0,-0.136,,-4.4,-0.2,-4.6,0.0
188,Jim McElroy,Jim McElroy,PG,27,ATL,ATL,54,680,5.9,.450,.040,.292,1.7,6.5,4.0,17.4,1.4,0.8,25.7,18.7,,-1.2,0.3,-0.9,-0.062,,-4.2,-1.5,-5.8,-0.6
189,George McGinnis*,George McGinnis,PF,30,IND,IND,69,1845,14.9,.482,.009,.501,9.4,22.2,15.6,16.4,2.6,0.9,19.1,25.1,,-1.1,2.9,1.7,.045,,-1.6,0.2,-1.4,0.3
190,Kevin McHale*,Kevin McHale,PF,23,BOS,BOS,82,1645,16.4,.556,.003,.239,11.2,13.6,12.4,4.8,0.8,5.1,13.0,20.9,,2.3,2.4,4.7,.137,,-0.9,0.9,0.1,0.9
191,Billy McKinney,Billy McKinney,PG,25,TOT,84,2166,13.3,.562,.019,.291,1.7,7.4,4.6,22.2,2.1,0.3,17.8,16.1,,2.6,0.8,3.4,.075,,-1.0,-0.4,-1.4,0.3
192,Tom McMillen,Tom McMillen,C,28,ATL,ATL,79,1564,11.6,.518,.012,.208,7.0,14.8,10.8,6.9,0.7,0.9,12.5,17.2,,1.2,0.9,2.2,.066,,-1.0,-1.1,-2.1,-0.1
193,John Mengelt,John Mengelt,SG,31,GSW,GSW,2,11,-5.9,.000,.000,.000,0.0,0.0,0.0,20.2,0.0,0.0,0.0,14.4,,-0.1,0.0,-0.1,-0.247,,-4.7,-0.4,-5.0,0.0
194,Joe Meriweather,Joe Meriweather,C,27,KCK,KCK,74,1514,12.4,.550,.000,.513,9.3,19.5,14.4,6.7,0.8,3.0,19.7,17.3,,0.6,2.0,2.6,.083,,-2.7,0.3,-2.4,-0.2
195,Dick Miller,Dick Miller,SF,22,TOT,8,53,3.3,.444,.111,.000,4.2,10.6,7.4,11.7,3.6,0.0,47.1,13.2,,-0.2,0.1,-0.1,-0.102,,-4.5,0.1,-4.3,-0.1
196,Mike Mitchell,Mike Mitchell,SF,25,CLE,CLE,82,3194,17.5,.513,.005,.215,7.1,10.5,8.7,6.9,0.9,0.9,8.2,26.9,,5.0,1.1,6.0,.091,,1.9,-2.2,-0.3,1.3
197,Steve Mix,Steve Mix,SF,33,PHI,PHI,72,1327,19.7,.570,.005,.417,9.3,12.2,10.8,12.3,2.1,0.8,11.4,23.4,,3.3,2.2,5.5,.201,,2.6,0.4,3.0,1.7
198,Paul Mokeski,Paul Mokeski,C,24,DET,DET,80,1815,10.3,.520,.002,.437,8.5,18.8,13.4,10.7,1.0,2.4,22.7,15.7,,-0.4,2.1,1.7,.046,,-3.2,0.5,-2.6,-0.3
199,Sidney Moncrief*,Sidney Moncrief,SG,23,MIL,MIL,80,2417,18.0,.614,.012,.539,8.8,9.8,9.3,14.1,1.7,0.9,13.7,17.2,,6.9,2.9,9.9,.196,,3.4,0.3,3.8,3.5
200,Johnny Moore,Johnny Moore,PG,22,SAS,SAS,82,1578,15.8,.507,.037,.331,4.2,9.1,6.8,31.8,3.5,0.7,20.5,18.9,,1.2,2.0,3.2,.099,,0.2,1.0,1.2,1.3
201,Lowes Moore,Lowes Moore,PG,23,NJN,NJN,71,1406,11.1,.479,.056,.192,3.4,10.3,6.7,22.3,2.0,0.7,17.2,17.6,,0.0,1.1,1.1,.037,,-2.2,0.2,-2.1,0.0
202,Calvin Murphy*,Calvin Murphy,PG,32,HOU,HOU,76,2014,18.1,.542,.016,.200,1.8,3.0,2.4,17.2,2.6,0.2,9.9,26.1,,4.0,1.3,5.4,.128,,0.9,-0.1,0.8,1.4
203,Swen Nater,Swen Nater,C,31,SDC,SDC,82,2809,18.2,.597,.000,.328,11.7,31.4,21.1,10.2,0.8,1.0,16.5,18.6,,5.5,3.1,8.6,.147,,1.5,-0.8,0.7,1.9
204,Calvin Natt,Calvin Natt,SF,24,POR,POR,74,2111,14.8,.541,.010,.356,7.7,14.6,11.1,10.0,1.6,0.5,15.1,20.3,,2.2,2.0,4.2,.095,,0.1,-0.9,-0.8,0.7
205,Kenny Natt,Kenny Natt,SG,22,IND,IND,19,149,5.2,.360,.104,.143,6.4,4.5,5.5,9.4,1.6,0.4,10.9,24.7,,-0.3,0.1,-0.2,-0.075,,-5.1,-1.8,-6.9,-0.3
206,Mike Newlin,Mike Newlin,SG,32,NJN,NJN,79,2911,15.6,.571,.024,.366,3.0,5.6,4.2,15.5,1.4,0.2,14.4,23.4,,4.8,1.3,6.1,.100,,0.6,-1.4,-0.8,0.9
207,Carl Nicks,Carl Nicks,PG,22,TOT,67,1109,10.2,.501,.011,.351,3.7,7.2,5.4,18.1,2.5,0.1,21.9,19.3,,-0.7,0.5,-0.2,-0.008,,-3.3,-0.8,-4.1,-0.6
208,Mike Niles,Mike Niles,SF,25,PHO,PHO,44,231,6.7,.373,.029,.268,12.6,15.0,13.8,9.3,1.6,0.2,13.9,30.3,,-0.7,0.4,-0.3,-0.062,,-6.7,-2.1,-8.8,-0.5
209,Norm Nixon,Norm Nixon,PG,25,LAL,LAL,79,2962,15.5,.511,.010,.208,2.5,5.8,4.2,30.9,2.3,0.2,17.7,21.8,,2.8,2.7,5.5,.089,,0.3,-1.0,-0.6,1.0
210,Mike O'Koren,Mike O'Koren,SF,22,NJN,NJN,79,2473,12.6,.515,.024,.282,8.0,14.0,10.9,14.0,1.6,0.6,14.7,15.8,,1.9,2.0,3.8,.075,,-0.3,-0.1,-0.4,1.0
211,Mark Olberding,Mark Olberding,SF,24,SAS,SAS,82,2408,14.8,.594,.010,.555,6.9,14.1,10.6,15.2,1.5,0.7,19.2,17.4,,4.4,2.3,6.6,.132,,0.3,-0.2,0.1,1.2
212,Jawann Oldham,Jawann Oldham,C,23,DEN,DEN,4,21,3.3,.333,.000,.000,14.2,10.0,12.1,0.0,0.0,4.8,25.0,14.1,,0.0,0.0,0.0,-0.094,,-4.6,-0.4,-5.0,0.0
213,Louis Orr,Louis Orr,SF,22,IND,IND,82,1787,16.1,.538,.008,.285,10.2,11.9,11.0,10.7,1.5,0.8,13.4,20.6,,2.8,1.5,4.3,.116,,1.2,-1.2,0.0,0.9
214,Tom Owens,Tom Owens,PF,31,POR,POR,79,1843,15.1,.564,.006,.397,9.7,17.2,13.5,9.9,0.9,1.4,14.9,18.7,,3.1,1.8,4.8,.125,,-0.3,-0.5,-0.8,0.6
215,Robert Parish*,Robert Parish,C,27,BOS,BOS,82,2298,25.2,.579,.001,.340,12.7,25.3,19.3,10.0,1.7,5.1,12.5,27.1,,6.0,4.9,10.9,.228,,3.3,2.1,5.4,4.3
216,Sonny Parker,Sonny Parker,SG,25,GSW,GSW,73,1317,13.3,.536,.000,.330,8.4,8.0,8.2,10.6,2.4,0.6,15.9,15.9,,1.6,0.7,2.3,.084,,0.3,0.3,0.6,0.9
217,Myles Patrick,Myles Patrick,SF,26,LAL,LAL,3,9,6.9,.425,.000,.400,12.8,11.4,12.0,15.2,0.0,0.0,14.5,30.7,,0.0,0.0,0.0,-0.036,,-4.7,-0.2,-5.0,0.0
218,Billy Paultz,Billy Paultz,PF,32,HOU,HOU,81,1659,12.9,.513,.006,.296,7.4,19.0,13.1,8.5,0.8,2.4,13.2,16.5,,1.0,1.6,2.7,.077,,-1.0,0.1,-0.9,0.5
219,Jim Paxson,Jim Paxson,SG,23,POR,POR,79,2701,16.9,.564,.027,.227,3.0,5.5,4.3,15.3,2.4,0.2,9.8,19.6,,5.6,2.1,7.7,.136,,1.2,0.2,1.4,2.3
220,Sam Pellom,Sam Pellom,PF,29,ATL,ATL,77,1472,11.7,.525,.003,.305,9.4,18.5,13.9,4.7,1.6,3.7,18.7,14.9,,0.4,1.8,2.2,.070,,-2.4,0.9,-1.4,0.2
221,Roger Phegley,Roger Phegley,SG,24,CLE,CLE,82,2269,14.3,.545,.029,.277,4.2,8.0,6.0,11.8,1.4,0.4,13.2,22.1,,2.9,0.8,3.7,.078,,-0.5,-1.1,-1.6,0.3
222,Stan Pietkiewicz,Stan Pietkiewicz,SG,24,TOT,42,461,12.3,.499,.348,.101,3.1,7.4,5.2,24.4,1.6,0.2,13.2,15.0,,0.5,0.1,0.6,.058,,0.9,-0.6,0.4,0.2
223,Ben Poquette,Ben Poquette,PF,25,UTA,UTA,82,2808,13.0,.567,.010,.264,6.6,18.9,12.8,7.9,1.2,3.6,15.1,12.4,,2.9,2.5,5.4,.092,,-1.1,0.9,-0.2,1.3
224,Kevin Porter,Kevin Porter,PG,30,WSB,WSB,81,2577,16.2,.561,.014,.288,1.4,3.7,2.5,39.3,2.0,0.2,20.6,19.0,,3.8,2.6,6.4,.119,,1.3,0.3,1.7,2.4
225,Tony Price,Tony Price,SG,24,SDC,SDC,5,29,2.4,.286,.000,.000,0.0,0.0,0.0,12.7,3.3,2.0,22.2,12.7,,-0.1,0.0,-0.1,-0.089,,-4.5,0.2,-4.3,0.0
226,Wally Rank,Wally Rank,SF,22,SDC,SDC,25,153,4.0,.397,.000,.491,12.4,10.4,11.4,14.9,2.2,0.4,27.3,25.4,,-0.6,0.1,-0.4,-0.140,,-6.3,-1.2,-7.5,-0.3
227,Kelvin Ransey,Kelvin Ransey,PG,22,POR,POR,80,2431,14.9,.484,.027,.188,1.9,6.9,4.4,31.4,1.7,0.2,15.6,24.3,,1.3,1.6,2.8,.056,,0.1,-2.0,-1.9,0.1
228,Clifford Ray,Clifford Ray,C,32,GSW,GSW,66,838,4.7,.438,.000,.408,9.5,19.4,14.4,7.5,1.4,0.9,29.2,12.0,,-0.9,0.6,-0.3,-0.018,,-5.9,0.3,-5.6,-0.8
229,James Ray,James Ray,PF,23,DEN,DEN,18,148,4.2,.346,.020,.204,8.8,17.0,12.8,8.8,1.2,1.4,19.6,16.7,,-0.3,0.1,-0.2,-0.070,,-5.4,-0.7,-6.1,-0.2
230,Billy Reid,Billy Reid,SG,23,GSW,GSW,59,597,6.2,.470,.027,.211,4.9,6.2,5.6,15.6,2.6,0.5,27.8,18.6,,-1.0,0.3,-0.6,-0.050,,-5.4,-0.2,-5.6,-0.5
231,Robert Reid,Robert Reid,SF,25,HOU,HOU,82,2963,16.4,.522,.004,.272,6.1,15.9,11.0,16.1,2.6,1.2,13.7,19.8,,3.6,3.6,7.2,.116,,0.8,1.3,2.1,3.0
232,Kevin Restani,Kevin Restani,SF,29,SAS,SAS,64,999,13.8,.551,.022,.238,8.1,10.8,9.5,11.4,0.7,0.7,14.3,18.9,,1.4,0.6,2.1,.100,,0.4,-1.6,-1.3,0.2
233,Clint Richardson,Clint Richardson,SG,24,PHI,PHI,77,1313,12.2,.526,.002,.233,7.4,7.2,7.3,15.6,1.3,0.4,17.7,19.1,,0.8,1.6,2.4,.087,,-0.6,-0.5,-1.1,0.3
234,Micheal Ray Richardson,Micheal Ray Richardson,SG,25,NYK,NYK,79,3175,17.1,.511,.091,.303,6.0,13.9,9.8,27.5,3.5,0.6,19.3,20.0,,2.2,4.7,6.9,.104,,1.4,1.9,3.2,4.2
235,Anthony Roberts,Anthony Roberts,SF,25,WSB,WSB,26,350,6.2,.405,.000,.201,5.4,15.1,10.2,7.7,1.5,0.0,15.2,21.2,,-0.7,0.5,-0.2,-0.032,,-6.0,-0.3,-6.2,-0.4
236,Rick Robey,Rick Robey,C,25,BOS,BOS,82,1569,14.9,.563,.002,.459,10.0,18.0,14.2,11.2,1.2,0.7,17.7,20.7,,1.6,2.1,3.7,.114,,-0.3,-0.1,-0.3,0.7
237,Cliff Robinson,Cliff Robinson,PF,20,NJN,NJN,63,1822,17.9,.521,.001,.232,7.3,22.9,14.9,9.8,1.5,1.6,13.4,29.5,,0.4,2.1,2.5,.065,,0.0,-0.9,-0.9,0.5
238,Truck Robinson,Truck Robinson,PF,29,PHO,PHO,82,3088,14.9,.531,.000,.309,7.9,20.1,14.1,9.6,1.0,0.7,14.7,21.5,,2.4,5.3,7.6,.119,,-0.3,-0.4,-0.7,1.0
239,Wayne Robinson,Wayne Robinson,PF,22,DET,DET,81,1592,11.5,.523,.012,.472,8.1,13.7,10.7,10.5,1.4,0.9,19.5,19.4,,0.2,1.5,1.7,.052,,-2.0,-0.7,-2.7,-0.3
240,Bill Robinzine,Bill Robinzine,PF,28,TOT,78,2016,14.8,.528,.007,.340,9.1,21.4,15.0,9.5,1.8,0.3,16.5,23.5,,0.7,1.5,2.3,.054,,-1.2,-1.2,-2.4,-0.2
241,Dave Robisch,Dave Robisch,C,31,TOT,84,2116,14.1,.507,.000,.334,7.5,17.2,12.2,10.4,0.8,0.8,8.9,16.5,,3.2,0.9,4.2,.095,,0.6,-1.1,-0.5,0.8
242,John Roche,John Roche,PG,31,DEN,DEN,26,611,13.1,.543,.151,.430,0.8,5.5,3.1,28.2,1.2,0.7,19.6,16.1,,0.7,0.1,0.8,.060,,0.6,-2.0,-1.4,0.1
243,Tree Rollins,Tree Rollins,C,25,ATL,ATL,40,1044,14.5,.591,.005,.271,11.1,20.5,15.7,4.7,1.3,6.7,19.5,11.6,,1.1,1.5,2.6,.120,,-0.7,2.5,1.7,1.0
244,Lorenzo Romar,Lorenzo Romar,PG,22,GSW,GSW,53,726,10.2,.459,.028,.299,1.5,7.1,4.3,23.9,1.8,0.2,17.9,15.9,,0.2,0.2,0.5,.030,,-1.8,-0.8,-2.7,-0.1
245,Dan Roundfield,Dan Roundfield,PF,27,ATL,ATL,63,2128,20.7,.575,.001,.439,12.3,22.0,17.1,12.1,1.7,3.3,15.6,22.3,,4.2,2.8,7.0,.159,,2.3,0.8,3.1,2.7
246,Campy Russell,Campy Russell,SF,29,NYK,NYK,79,2865,12.9,.518,.024,.313,4.2,10.1,7.0,12.7,1.6,0.2,14.5,20.7,,1.8,2.5,4.3,.071,,-1.0,-0.7,-1.6,0.3
247,Frankie Sanders,Frankie Sanders,SF,24,KCK,KCK,23,186,13.0,.508,.000,.286,3.6,8.9,6.3,12.7,4.1,0.3,19.5,24.0,,-0.1,0.3,0.1,.035,,-3.3,0.9,-2.4,0.0
248,DeWayne Scales,DeWayne Scales,PF,22,NYK,NYK,44,484,11.5,.444,.027,.173,10.7,20.8,15.6,3.0,1.2,0.5,11.0,22.8,,-0.3,0.6,0.3,.028,,-3.1,-2.5,-5.6,-0.4
249,Alvin Scott,Alvin Scott,SF,25,PHO,PHO,82,1423,13.4,.550,.017,.365,8.0,12.7,10.4,10.2,1.9,2.8,16.0,13.2,,1.6,2.6,4.3,.144,,0.1,2.2,2.3,1.6
250,Craig Shelton,Craig Shelton,SF,23,ATL,ATL,55,586,8.8,.481,.005,.265,11.4,15.7,13.5,7.0,1.5,0.5,20.0,21.6,,-0.5,0.5,0.0,-0.002,,-5.0,-1.4,-6.5,-0.7
251,Lonnie Shelton,Lonnie Shelton,PF,25,SEA,SEA,14,440,10.9,.459,.000,.316,7.9,11.5,9.7,11.7,2.4,0.4,17.1,22.1,,-0.4,0.5,0.1,.016,,-2.8,-0.3,-3.0,-0.1
252,Purvis Short,Purvis Short,SF,23,GSW,GSW,79,2309,17.0,.509,.015,.177,7.1,11.7,9.4,16.2,1.6,0.5,10.3,23.9,,4.3,1.1,5.4,.111,,1.5,-0.8,0.6,1.5
253,John Shumate,John Shumate,PF,28,TOT,24,527,9.3,.508,.000,.580,7.3,10.7,9.1,5.7,1.9,0.9,20.3,15.6,,0.0,0.5,0.5,.045,,-2.1,-0.6,-2.6,-0.1
254,Jerry Sichting,Jerry Sichting,PG,24,IND,IND,47,450,8.4,.426,.053,.337,2.6,8.0,5.2,19.2,2.4,0.1,20.4,12.2,,-0.1,0.4,0.3,.032,,-3.3,0.5,-2.7,-0.1
255,Jack Sikma*,Jack Sikma,C,25,SEA,SEA,82,2920,18.0,.512,.004,.315,7.1,24.6,16.0,13.2,1.3,1.7,11.9,23.6,,3.5,4.5,8.0,.132,,0.9,0.5,1.4,2.5
256,James Silas,James Silas,PG,31,SAS,SAS,75,2055,19.4,.557,.002,.441,2.4,9.5,6.1,20.7,1.2,0.3,11.8,26.1,,5.7,1.3,7.0,.164,,2.6,-1.6,1.0,1.6
257,Larry Smith,Larry Smith,PF,23,GSW,GSW,82,2578,14.8,.540,.000,.507,18.3,24.5,21.4,4.6,1.3,1.4,16.7,13.4,,3.7,2.4,6.1,.113,,0.7,-1.2,-0.5,1.0
258,Phil Smith,Phil Smith,SG,28,SDC,SDC,76,2378,16.2,.535,.017,.296,2.3,5.5,3.8,23.6,1.7,0.4,12.8,23.5,,3.8,1.0,4.8,.097,,0.9,-1.1,-0.2,1.1
259,Randy Smith,Randy Smith,SG,32,CLE,CLE,82,2199,17.0,.514,.027,.260,2.2,7.8,4.9,23.9,2.4,0.4,14.4,24.8,,2.1,1.3,3.3,.073,,1.0,-0.5,0.5,1.4
260,Robert Smith,Robert Smith,PG,25,CLE,CLE,1,20,7.2,.592,.000,.800,5.3,11.6,8.3,18.8,0.0,0.0,30.7,19.6,,0.0,0.0,0.0,.019,,-4.4,-0.2,-4.6,0.0
261,Ricky Sobers,Ricky Sobers,PG,28,CHI,CHI,71,1803,15.6,.546,.086,.321,3.0,5.9,4.6,23.3,2.6,0.5,19.0,24.5,,2.2,1.6,3.8,.101,,-0.1,-0.5,-0.6,0.6
262,Jim Spanarkel,Jim Spanarkel,SF,23,DAL,DAL,82,2317,17.3,.563,.012,.488,6.7,7.9,7.3,15.8,2.5,0.5,14.1,22.1,,4.5,1.1,5.5,.115,,1.4,-0.1,1.2,1.9
263,Rory Sparrow,Rory Sparrow,PG,22,NJN,NJN,15,212,8.2,.400,.000,.254,3.6,6.0,4.8,19.5,2.8,0.8,20.4,16.4,,-0.3,0.2,-0.1,-0.023,,-3.3,0.3,-3.0,-0.1
264,John Stroud,John Stroud,SF,23,HOU,HOU,9,88,6.4,.350,.000,.118,8.8,7.7,8.2,13.2,0.5,0.0,10.1,18.3,,-0.1,0.0,-0.1,-0.036,,-3.4,-1.2,-4.6,-0.1
265,Brian Taylor,Brian Taylor,PG,29,SDC,SDC,80,2312,15.9,.602,.195,.313,2.8,4.9,3.8,25.5,2.4,0.6,14.2,13.8,,5.6,1.4,7.1,.146,,1.7,0.6,2.3,2.5
266,Carlos Terry,Carlos Terry,SG,24,WSB,WSB,26,504,13.7,.527,.038,.263,8.9,15.3,12.1,18.8,2.5,1.4,24.2,18.8,,-0.1,0.9,0.8,.074,,-1.2,2.5,1.4,0.4
267,Reggie Theus,Reggie Theus,SG,23,CHI,CHI,82,2820,18.4,.578,.082,.501,5.2,6.3,5.8,22.2,2.1,0.4,16.2,23.1,,7.1,2.1,9.2,.156,,2.4,-0.6,1.8,2.7
268,David Thompson*,David Thompson,SG,26,DEN,DEN,77,2620,19.4,.571,.027,.424,4.1,7.2,5.6,13.2,0.9,1.2,12.7,27.9,,6.0,0.4,6.4,.117,,3.0,-2.1,0.9,1.9
269,Mychal Thompson,Mychal Thompson,C,26,POR,POR,79,2790,16.6,.520,.001,.281,8.7,18.1,13.4,13.8,1.0,3.4,15.7,21.8,,2.1,3.3,5.3,.092,,0.5,0.4,0.9,2.1
270,Rudy Tomjanovich*,Rudy Tomjanovich,PF,32,HOU,HOU,52,1264,13.5,.503,.091,.146,6.8,11.6,9.2,9.2,0.7,0.3,8.8,21.1,,1.5,0.6,2.1,.079,,-0.1,-1.9,-2.0,0.0
271,Andrew Toney,Andrew Toney,SG,23,PHI,PHI,75,1768,12.7,.535,.036,.280,2.1,6.4,4.4,22.4,1.5,0.3,19.5,25.7,,0.0,2.2,2.2,.061,,-2.1,-1.0,-3.0,-0.4
272,Terry Tyler,Terry Tyler,SF,24,DET,DET,82,2549,17.2,.547,.009,.279,8.5,17.9,12.9,8.4,2.1,4.1,14.0,18.5,,2.5,3.9,6.4,.121,,0.7,1.6,2.3,2.8
273,Wes Unseld*,Wes Unseld,C,34,WSB,WSB,63,2032,13.5,.543,.009,.200,10.6,24.3,17.4,10.6,1.2,1.0,17.2,11.1,,2.1,3.4,5.5,.130,,0.0,1.8,1.7,1.9
274,Ronnie Valentine,Ronnie Valentine,SF,23,DEN,DEN,24,123,10.3,.395,.020,.194,8.1,17.0,12.4,8.8,2.5,1.7,13.1,36.9,,-0.4,0.1,-0.3,-0.128,,-5.6,-1.6,-7.2,-0.2
275,Jan van Breda Kolff,Jan van Breda Kolff,SF,29,NJN,NJN,78,1426,6.5,.506,.033,.478,3.7,12.5,8.0,11.2,1.2,2.0,26.7,11.2,,-0.6,1.2,0.6,.019,,-3.9,0.8,-3.1,-0.4
276,Kiki Vandeweghe,Kiki Vandeweghe,SF,22,DEN,DEN,51,1376,11.9,.484,.013,.296,6.2,14.0,10.0,8.7,0.9,0.9,12.4,18.7,,0.7,0.5,1.2,.040,,-1.0,-1.7,-2.7,-0.3
277,Brett Vroman,Brett Vroman,C,25,UTA,UTA,11,93,11.8,.481,.037,.704,8.7,22.0,15.4,13.1,2.6,3.1,20.3,20.5,,0.0,0.1,0.1,.048,,-4.5,0.8,-3.6,0.0
278,Foots Walker,Foots Walker,PG,29,NJN,NJN,41,1172,10.1,.537,.053,.657,2.1,7.9,4.9,26.4,2.0,0.0,28.1,10.2,,0.7,0.8,1.5,.060,,-2.1,0.0,-2.1,0.0
279,Wally Walker,Wally Walker,SF,26,SEA,SEA,82,1796,11.3,.492,.005,.270,6.6,12.6,9.6,9.9,1.4,0.5,14.1,18.5,,0.3,1.7,2.1,.055,,-1.6,-0.5,-2.1,-0.1
280,Lloyd Walton,Lloyd Walton,PG,27,KCK,KCK,61,821,9.9,.443,.005,.151,1.8,4.7,3.2,32.0,1.8,0.1,25.6,15.8,,-0.5,0.6,0.1,.005,,-1.7,-1.4,-3.0,-0.2
281,Kermit Washington,Kermit Washington,PF,29,POR,POR,73,2120,17.4,.596,.002,.504,12.1,23.2,17.6,8.9,1.9,2.2,17.1,15.7,,3.6,3.1,6.8,.153,,0.9,0.7,1.7,2.0
282,Richard Washington,Richard Washington,PF,25,TOT,80,1812,13.6,.490,.003,.213,9.2,19.0,13.9,10.2,1.2,1.9,13.6,21.1,,0.7,1.4,2.1,.056,,-1.8,-0.4,-2.2,-0.1
283,Marvin Webster,Marvin Webster,C,28,NYK,NYK,82,1708,10.8,.512,.012,.478,10.5,21.0,15.5,5.3,0.8,3.3,20.0,12.3,,0.5,2.2,2.7,.076,,-2.0,0.5,-1.4,0.2
284,Scott Wedman,Scott Wedman,SF,28,KCK,KCK,81,2902,14.8,.503,.054,.142,4.9,11.6,8.3,11.7,1.6,0.9,9.5,24.1,,1.7,2.9,4.7,.077,,-0.4,-0.7,-1.1,0.7
285,Paul Westphal*,Paul Westphal,SG,30,SEA,SEA,36,1078,16.5,.517,.050,.368,1.1,5.7,3.5,21.5,2.0,0.7,11.8,24.9,,1.5,0.9,2.4,.106,,1.0,-0.2,0.8,0.7
286,Jo Jo White*,Jo Jo White,PG,34,KCK,KCK,13,236,10.4,.462,.000,.220,1.4,8.4,4.9,21.0,2.2,0.2,16.7,19.0,,-0.1,0.2,0.1,.021,,-3.0,0.0,-3.0,-0.1
287,Rudy White,Rudy White,SG,27,TOT,16,208,6.6,.423,.015,.246,0.5,5.2,2.9,12.8,2.1,0.3,14.3,16.3,,-0.1,0.2,0.0,.001,,-4.3,-0.1,-4.4,-0.1
288,Jerome Whitehead,Jerome Whitehead,C,24,TOT,48,688,8.3,.474,.006,.311,9.3,27.5,18.0,5.0,1.4,0.8,21.5,15.5,,-0.6,0.8,0.2,.011,,-4.5,-0.7,-5.2,-0.6
289,Hawkeye Whitney,Hawkeye Whitney,SG,23,KCK,KCK,47,782,14.0,.523,.020,.212,4.1,10.9,7.5,12.2,2.8,0.4,12.5,20.3,,0.5,1.0,1.5,.091,,-1.8,1.1,-0.7,0.3
290,Sidney Wicks,Sidney Wicks,PF,31,SDC,SDC,49,1083,9.7,.463,.003,.524,8.1,16.2,12.0,13.4,1.8,2.1,21.1,16.8,,-0.7,1.0,0.4,.016,,-3.3,0.7,-2.6,-0.2
291,Michael Wiley,Michael Wiley,PF,23,SAS,SAS,33,271,19.8,.591,.014,.348,9.2,16.2,12.9,6.5,1.4,1.2,15.0,27.4,,0.5,0.3,0.8,.144,,0.3,-1.0,-0.8,0.1
292,Bob Wilkerson,Bob Wilkerson,SG,26,CHI,CHI,80,2238,12.3,.507,.014,.228,4.6,9.6,7.2,16.7,2.2,0.6,18.2,17.5,,1.2,2.0,3.2,.068,,-0.9,0.2,-0.7,0.7
293,Jamaal Wilkes*,Jamaal Wilkes,SF,27,LAL,LAL,81,3028,18.0,.556,.009,.224,5.6,9.8,7.8,11.2,1.9,0.5,11.2,24.5,,5.5,3.0,8.5,.135,,1.4,-0.8,0.5,1.9
294,James Wilkes,James Wilkes,SF,22,CHI,CHI,48,540,11.2,.491,.005,.228,7.9,12.1,10.1,7.8,2.2,1.3,14.4,17.9,,0.2,0.6,0.8,.072,,-2.3,0.3,-2.0,0.0
295,Jeff Wilkins,Jeff Wilkins,C,25,UTA,UTA,56,1058,9.2,.470,.000,.154,6.8,22.7,14.9,5.2,1.5,2.5,17.5,13.7,,-0.5,1.1,0.5,.024,,-4.1,0.1,-4.0,-0.5
296,Freeman Williams,Freeman Williams,SG,24,SDC,SDC,82,1976,20.2,.524,.102,.215,4.2,3.3,3.8,14.9,2.2,0.1,9.9,34.6,,3.1,0.9,4.0,.096,,3.1,-1.9,1.2,1.6
297,Ray Williams,Ray Williams,PG,26,NYK,NYK,79,2742,19.0,.519,.051,.286,4.9,8.6,6.7,23.9,3.2,0.8,13.5,25.7,,3.8,3.4,7.2,.127,,2.0,1.1,3.0,3.5
298,Sly Williams,Sly Williams,PF,23,NYK,NYK,67,1976,16.6,.536,.011,.379,8.9,15.4,12.0,12.9,2.8,0.5,14.6,19.9,,2.4,2.7,5.1,.124,,0.9,0.8,1.7,1.9
299,John Williamson,John Williamson,SG,29,WSB,WSB,9,112,4.2,.358,.107,.107,0.0,6.6,3.3,20.6,1.7,0.5,17.0,25.3,,-0.4,0.1,-0.3,-0.117,,-5.2,-0.5,-5.7,-0.2
300,Bill Willoughby,Bill Willoughby,SF,23,HOU,HOU,55,1145,10.8,.554,.000,.223,7.1,15.0,11.0,7.2,0.8,1.5,19.0,13.8,,0.6,0.8,1.5,.062,,-1.3,-0.3,-1.6,0.1
301,Brian Winters,Brian Winters,SG,28,MIL,MIL,69,1771,12.5,.528,.073,.197,2.1,6.6,4.4,17.1,1.8,0.3,15.2,19.8,,1.6,1.9,3.5,.095,,-1.1,-0.3,-1.4,0.3
302,Mike Woodson,Mike Woodson,SG,22,NYK,NYK,81,949,10.9,.474,.013,.172,3.8,8.0,5.8,11.1,1.8,0.7,11.9,19.5,,0.0,0.8,0.9,.044,,-2.1,-0.3,-2.4,-0.1
303,Sam Worthen,Sam Worthen,PG,23,CHI,CHI,64,945,8.9,.538,.021,.313,2.8,10.8,6.9,15.7,2.9,0.4,29.4,13.3,,-0.4,1.0,0.7,.035,,-3.3,1.4,-1.9,0.0
304,Larry Wright,Larry Wright,PG,26,DET,DET,45,997,11.1,.504,.023,.218,2.9,7.7,5.1,22.6,2.0,0.4,18.2,16.5,,0.4,0.9,1.2,.060,,-2.2,0.1,-2.1,0.0
