name,team,pos,age,games,gamesStarted,mpg,fgm,fga,fg%,3pm,3pa,3%,2%,efg%,ftm,fta,ft%,orb,drb,trb,apg,spg,bpg,tov,pf,ppg
Álex Abrines,OKC,SG,25,31,2,19.0,1.8,5.1,.357,1.3,4.1,.323,.500,.487,0.4,0.4,.923,0.2,1.4,1.5,0.6,0.5,0.2,0.5,1.7,5.3
Quincy Acy,PHO,PF,28,10,0,12.3,0.4,1.8,.222,0.2,1.5,.133,.667,.278,0.7,1.0,.700,0.3,2.2,2.5,0.8,0.1,0.4,0.4,2.4,1.7
Jaylen Adams,ATL,PG,22,34,1,12.6,1.1,3.2,.345,0.7,2.2,.338,.361,.459,0.2,0.3,.778,0.3,1.4,1.8,1.9,0.4,0.1,0.8,1.3,3.2
Steven Adams,OKC,C,25,80,80,33.4,6.0,10.1,.595,0.0,0.0,.000,.596,.595,1.8,3.7,.500,4.9,4.6,9.5,1.6,1.5,1.0,1.7,2.6,13.9
Bam Adebayo,MIA,C,21,82,28,23.3,3.4,5.9,.576,0.0,0.2,.200,.588,.579,2.0,2.8,.735,2.0,5.3,7.3,2.2,0.9,0.8,1.5,2.5,8.9
Deng Adel,CLE,SF,21,19,3,10.2,0.6,1.9,.306,0.3,1.2,.261,.385,.389,0.2,0.2,1.000,0.2,0.8,1.0,0.3,0.1,0.2,0.3,0.7,1.7
DeVaughn Akoon-Purcell,DEN,SG,25,7,0,3.1,0.4,1.4,.300,0.0,0.6,.000,.500,.300,0.1,0.3,.500,0.1,0.4,0.6,0.9,0.3,0.0,0.3,0.6,1.0
LaMarcus Aldridge,SAS,C,33,81,81,33.2,8.4,16.3,.519,0.1,0.5,.238,.528,.522,4.3,5.1,.847,3.1,6.1,9.2,2.4,0.5,1.3,1.8,2.2,21.3
Rawle Alkins,CHI,SG,21,10,1,12.0,1.3,3.9,.333,0.3,1.2,.250,.370,.372,0.8,1.2,.667,1.1,1.5,2.6,1.3,0.1,0.0,0.8,0.7,3.7
Grayson Allen,UTA,SG,23,38,2,10.9,1.8,4.7,.376,0.8,2.6,.323,.443,.466,1.2,1.6,.750,0.1,0.5,0.6,0.7,0.2,0.2,0.9,1.2,5.6
Jarrett Allen,BRK,C,20,80,80,26.2,4.2,7.1,.590,0.1,0.6,.133,.629,.595,2.5,3.5,.709,2.4,6.0,8.4,1.4,0.5,1.5,1.3,2.3,10.9
Kadeem Allen,NYK,PG,26,19,1,21.9,3.4,7.4,.461,0.9,1.9,.472,.457,.521,2.2,2.8,.778,0.4,2.3,2.7,4.0,0.8,0.2,1.4,2.4,9.9
Al-Farouq Aminu,POR,PF,28,81,81,28.3,3.2,7.3,.433,1.2,3.5,.343,.514,.514,1.9,2.1,.867,1.4,6.1,7.5,1.3,0.8,0.4,0.9,1.8,9.4
Justin Anderson,ATL,SF,25,48,4,9.6,1.3,3.3,.408,0.5,1.6,.312,.500,.484,0.5,0.7,.743,0.5,1.3,1.8,0.5,0.5,0.3,0.5,1.0,3.7
Kyle Anderson,MEM,SF,25,43,40,29.8,3.5,6.4,.543,0.2,0.8,.265,.583,.560,0.9,1.5,.578,1.1,4.7,5.8,3.0,1.3,0.9,1.3,2.6,8.0
Ryan Anderson,TOT,PF,30,25,8,12.9,0.8,2.8,.304,0.4,1.6,.225,.414,.370,0.5,0.6,.750,0.7,1.4,2.2,0.8,0.2,0.0,0.6,1.0,2.5
Ike Anigbogu,IND,C,20,3,0,2.0,0.0,1.0,.000,0.0,0.0,,.000,.000,0.0,0.0,,0.3,0.7,1.0,0.3,0.0,0.3,0.3,0.0,0.0
Giannis Antetokounmpo,MIL,PF,24,72,72,32.8,10.0,17.3,.578,0.7,2.8,.256,.641,.599,6.9,9.5,.729,2.2,10.3,12.5,5.9,1.3,1.5,3.7,3.2,27.7
Kostas Antetokounmpo,DAL,PF,21,2,0,5.5,0.0,1.5,.000,0.0,0.0,,.000,.000,1.0,2.0,.500,0.0,0.5,0.5,0.0,1.0,0.0,0.5,0.0,1.0
Carmelo Anthony,HOU,PF,34,10,2,29.4,4.9,12.1,.405,2.1,6.4,.328,.491,.492,1.5,2.2,.682,0.9,4.5,5.4,0.5,0.4,0.7,0.8,3.2,13.4
OG Anunoby,TOR,SF,21,67,6,20.2,2.7,6.0,.453,1.0,3.0,.332,.574,.536,0.5,0.9,.581,0.9,2.1,2.9,0.7,0.7,0.3,0.8,2.1,7.0
Ryan Arcidiacono,CHI,PG,24,81,32,24.2,2.3,5.2,.447,1.0,2.7,.373,.527,.544,1.1,1.3,.873,0.3,2.4,2.7,3.3,0.8,0.0,0.8,2.1,6.7
Trevor Ariza,TOT,SF,33,69,69,34.0,4.3,10.7,.399,2.1,6.3,.334,.493,.498,1.9,2.4,.793,0.7,4.7,5.4,3.7,1.3,0.3,1.5,1.9,12.5
D.J. Augustin,ORL,PG,31,81,81,28.0,3.9,8.4,.470,1.6,3.8,.421,.511,.566,2.2,2.6,.866,0.5,2.0,2.5,5.3,0.6,0.0,1.6,1.4,11.7
Deandre Ayton,PHO,C,20,71,70,30.7,7.2,12.3,.585,0.0,0.1,.000,.588,.585,2.0,2.7,.746,3.1,7.1,10.3,1.8,0.9,0.9,1.8,2.9,16.3
Dwayne Bacon,CHO,SG,23,43,13,17.7,2.8,6.0,.475,0.9,2.0,.437,.494,.549,0.8,1.1,.739,0.2,1.9,2.1,1.1,0.3,0.1,0.4,1.7,7.3
Marvin Bagley III,SAC,PF,19,62,4,25.3,5.7,11.4,.504,0.5,1.5,.313,.534,.525,2.9,4.2,.691,2.6,5.0,7.6,1.0,0.5,1.0,1.6,1.9,14.9
Ron Baker,TOT,SG,25,15,0,10.1,0.3,1.3,.200,0.1,0.9,.077,.429,.225,0.3,0.4,.833,0.1,0.7,0.7,1.0,0.4,0.1,0.3,1.2,0.9
Wade Baldwin,POR,PG,22,16,0,5.9,0.6,2.1,.303,0.1,0.6,.222,.333,.333,0.5,0.7,.727,0.1,0.8,0.9,0.8,0.1,0.1,0.9,0.7,1.9
Lonzo Ball,LAL,PG,21,47,45,30.3,3.9,9.7,.406,1.6,4.9,.329,.482,.488,0.4,1.0,.417,1.1,4.2,5.3,5.4,1.5,0.4,2.2,2.4,9.9
Mo Bamba,ORL,C,20,47,1,16.3,2.5,5.2,.481,0.4,1.5,.300,.555,.525,0.8,1.3,.587,1.4,3.6,5.0,0.8,0.3,1.4,0.9,2.2,6.2
J.J. Barea,DAL,PG,34,38,0,19.8,4.2,10.1,.418,1.0,3.4,.297,.479,.468,1.4,2.1,.705,0.3,2.2,2.5,5.6,0.6,0.0,1.9,1.3,10.9
Harrison Barnes,TOT,PF-SF,26,77,77,32.9,5.6,13.3,.420,2.3,5.7,.395,.439,.504,3.0,3.6,.824,0.7,3.9,4.7,1.5,0.6,0.2,1.3,1.6,16.4
Will Barton,DEN,SF,28,43,38,27.7,4.3,10.7,.402,1.6,4.6,.342,.447,.475,1.3,1.7,.770,0.7,3.9,4.6,2.9,0.4,0.5,1.5,1.9,11.5
Keita Bates-Diop,MIN,SF,23,30,3,16.8,2.0,4.7,.423,0.4,1.7,.250,.522,.468,0.6,0.9,.643,0.5,2.2,2.8,0.6,0.6,0.5,0.5,1.0,5.0
Nicolas Batum,CHO,SF,30,75,72,31.4,3.4,7.5,.450,1.5,4.0,.389,.519,.553,1.0,1.2,.865,0.9,4.3,5.2,3.3,0.9,0.6,1.6,1.9,9.3
Jerryd Bayless,MIN,PG,30,34,6,19.3,2.4,6.8,.357,0.9,2.9,.296,.402,.420,0.5,0.8,.571,0.3,1.5,1.8,3.5,0.5,0.1,0.9,1.6,6.1
Aron Baynes,BOS,C,32,51,18,16.1,2.1,4.4,.471,0.4,1.2,.344,.519,.518,1.0,1.2,.855,1.7,3.0,4.7,1.1,0.2,0.7,0.8,2.5,5.6
Kent Bazemore,ATL,SG,29,67,35,24.5,4.1,10.3,.402,1.4,4.5,.320,.465,.472,1.9,2.6,.726,0.6,3.3,3.9,2.3,1.3,0.6,1.8,2.5,11.6
Bradley Beal,WAS,SG,25,82,82,36.9,9.3,19.6,.475,2.5,7.3,.351,.548,.540,4.4,5.5,.808,1.1,3.9,5.0,5.5,1.5,0.7,2.7,2.8,25.6
Malik Beasley,DEN,SG,22,81,18,23.2,4.3,9.1,.474,2.0,5.0,.402,.560,.584,0.7,0.8,.848,0.4,2.0,2.5,1.2,0.7,0.1,0.7,1.4,11.3
Michael Beasley,LAL,PF,30,26,2,10.7,2.9,5.9,.490,0.1,0.7,.176,.529,.500,1.1,1.5,.718,0.5,1.8,2.3,1.0,0.3,0.4,1.0,1.6,7.0
Marco Belinelli,SAS,SG,32,79,1,23.0,3.6,8.7,.413,1.9,5.0,.372,.468,.520,1.4,1.6,.903,0.2,2.3,2.5,1.7,0.4,0.1,0.9,1.5,10.5
Jordan Bell,GSW,C,24,68,3,11.6,1.5,2.8,.516,0.0,0.0,.000,.521,.516,0.4,0.6,.610,0.8,1.9,2.7,1.1,0.3,0.8,0.6,1.2,3.3
DeAndre' Bembry,ATL,SG,24,82,15,23.5,3.4,7.5,.446,0.6,2.1,.289,.508,.487,1.1,1.7,.640,0.7,3.7,4.4,2.5,1.3,0.5,1.7,2.3,8.4
Dragan Bender,PHO,PF,21,46,27,18.0,1.9,4.3,.447,0.5,2.2,.218,.688,.503,0.7,1.2,.593,0.7,3.2,4.0,1.2,0.4,0.5,0.8,2.0,5.0
Dairis Bertāns,NOP,SG,29,12,0,13.9,1.0,3.9,.255,0.8,2.8,.294,.154,.362,0.0,0.0,,0.2,0.6,0.8,0.8,0.1,0.0,0.2,0.6,2.8
Dāvis Bertāns,SAS,PF,26,76,12,21.5,2.7,6.0,.450,1.9,4.4,.429,.513,.610,0.7,0.8,.883,0.3,3.2,3.5,1.3,0.5,0.4,0.6,1.8,8.0
Patrick Beverley,LAC,PG,30,78,49,27.4,2.5,6.1,.407,1.4,3.6,.397,.421,.524,1.2,1.6,.780,1.0,4.0,5.0,3.8,0.9,0.6,1.1,3.4,7.6
Khem Birch,ORL,C,26,50,1,12.9,1.8,3.0,.603,0.0,0.0,.000,.607,.603,1.2,1.7,.699,1.6,2.2,3.8,0.8,0.4,0.6,0.4,1.4,4.8
Bismack Biyombo,CHO,C,26,54,32,14.5,1.6,2.9,.571,0.0,0.0,,.571,.571,1.1,1.7,.637,1.5,3.1,4.6,0.6,0.2,0.8,0.6,1.9,4.4
Nemanja Bjelica,SAC,PF,30,77,70,23.2,3.7,7.7,.479,1.3,3.3,.401,.539,.566,0.9,1.2,.761,1.6,4.1,5.8,1.9,0.7,0.7,1.1,2.6,9.6
Antonio Blakeney,CHI,SG,22,57,3,14.5,2.9,6.9,.419,0.6,1.6,.396,.426,.465,0.9,1.3,.658,0.1,1.7,1.9,0.7,0.2,0.2,0.6,0.7,7.3
Eric Bledsoe,MIL,PG,29,78,78,29.1,6.0,12.4,.484,1.6,4.8,.329,.582,.548,2.3,3.0,.750,1.1,3.6,4.6,5.5,1.5,0.4,2.1,2.0,15.9
Jaron Blossomgame,CLE,SF,25,27,4,16.3,1.7,3.9,.443,0.4,1.4,.256,.552,.491,0.4,0.5,.769,1.0,2.7,3.6,0.5,0.3,0.3,0.4,0.7,4.2
Bogdan Bogdanović,SAC,SG,26,70,17,27.8,5.2,12.3,.418,1.9,5.3,.360,.462,.496,1.9,2.3,.827,0.6,2.9,3.5,3.8,1.0,0.2,1.7,2.0,14.1
Bojan Bogdanović,IND,SF,29,81,81,31.8,6.4,13.0,.497,2.0,4.8,.425,.538,.575,3.0,3.8,.807,0.4,3.7,4.1,2.0,0.9,0.0,1.7,1.7,18.0
Andrew Bogut,GSW,C,34,11,5,12.2,1.6,3.3,.500,0.0,0.0,,.500,.500,0.3,0.3,1.000,1.1,3.9,5.0,1.0,0.3,0.7,0.7,2.0,3.5
Jonah Bolden,PHI,PF,23,44,10,14.5,1.8,3.7,.494,0.8,2.2,.354,.697,.599,0.3,0.6,.481,1.1,2.7,3.8,0.9,0.4,0.9,0.8,2.3,4.7
Isaac Bonga,LAL,PG,19,22,0,5.5,0.2,1.5,.152,0.0,0.4,.000,.200,.152,0.4,0.7,.600,0.4,0.7,1.1,0.7,0.4,0.2,0.3,0.4,0.9
Devin Booker,PHO,SG,22,64,64,35.0,9.2,19.6,.467,2.1,6.5,.326,.536,.521,6.1,7.1,.866,0.6,3.5,4.1,6.8,0.9,0.2,4.1,3.1,26.6
Chris Boucher,TOR,PF,26,28,0,5.8,1.2,2.7,.447,0.4,1.3,.324,.564,.526,0.5,0.5,.867,0.6,1.4,2.0,0.1,0.2,0.9,0.3,1.1,3.3
Avery Bradley,TOT,SG,28,63,63,30.2,3.9,9.7,.408,1.4,3.9,.351,.446,.479,0.7,0.8,.860,0.7,2.1,2.8,2.4,0.7,0.3,1.4,2.7,9.9
Tony Bradley,UTA,C,21,3,0,12.0,2.7,5.3,.500,0.0,0.0,,.500,.500,0.3,0.7,.500,3.0,2.0,5.0,0.3,0.7,0.7,1.0,2.0,5.7
Corey Brewer,TOT,SF,32,31,3,15.9,1.7,4.0,.431,0.5,1.4,.318,.494,.488,1.0,1.4,.721,0.8,1.6,2.5,1.3,1.0,0.2,0.6,2.0,4.9
Mikal Bridges,PHO,SF,22,82,56,29.5,3.0,6.9,.430,1.3,3.8,.335,.548,.523,1.2,1.4,.805,0.7,2.5,3.2,2.1,1.6,0.5,0.9,2.5,8.3
Miles Bridges,CHO,SF,20,80,25,21.2,3.0,6.4,.464,0.8,2.5,.325,.553,.527,0.7,1.0,.753,0.8,3.2,4.0,1.2,0.7,0.6,0.6,1.4,7.5
Isaiah Briscoe,ORL,PG,22,39,0,14.3,1.4,3.5,.399,0.3,0.9,.324,.423,.438,0.4,0.7,.577,0.1,1.8,1.9,2.2,0.3,0.1,0.8,1.7,3.5
Ryan Broekhoff,DAL,SG,28,42,0,10.8,1.4,3.0,.452,0.9,2.2,.409,.576,.603,0.4,0.5,.789,0.2,1.3,1.5,0.5,0.1,0.1,0.4,0.8,4.0
Malcolm Brogdon,MIL,SG,26,64,64,28.6,5.9,11.7,.505,1.6,3.8,.426,.544,.575,2.2,2.4,.928,1.0,3.5,4.5,3.2,0.7,0.2,1.4,1.6,15.6
Dillon Brooks,MEM,SF,23,18,0,18.3,2.7,6.8,.402,0.8,2.2,.375,.415,.463,1.2,1.7,.733,0.5,1.2,1.7,0.9,0.6,0.2,1.1,2.8,7.5
MarShon Brooks,MEM,SG,30,29,0,13.3,2.6,5.8,.450,0.5,1.9,.278,.530,.494,0.8,1.1,.697,0.4,1.1,1.6,0.9,0.3,0.1,0.7,1.1,6.6
Bruce Brown,DET,SG,22,74,56,19.6,1.7,4.2,.398,0.3,1.3,.258,.457,.436,0.6,0.8,.750,0.6,1.9,2.5,1.2,0.5,0.5,0.6,2.4,4.3
Jaylen Brown,BOS,SG,22,74,25,25.9,5.0,10.7,.465,1.3,3.7,.344,.529,.525,1.8,2.7,.658,0.9,3.4,4.2,1.4,0.9,0.4,1.3,2.5,13.0
Lorenzo Brown,TOR,PG,28,26,0,8.2,0.9,2.7,.324,0.2,1.1,.214,.395,.366,0.1,0.1,1.000,0.2,1.0,1.2,1.1,0.5,0.2,0.6,0.8,2.1
Sterling Brown,MIL,SG,23,58,7,17.8,2.5,5.4,.465,0.9,2.5,.361,.558,.550,0.5,0.7,.690,0.5,2.7,3.2,1.4,0.4,0.1,0.8,1.5,6.4
Troy Brown Jr.,WAS,SF,19,52,10,14.0,1.9,4.5,.415,0.4,1.3,.319,.455,.462,0.6,0.9,.681,0.7,2.1,2.8,1.5,0.4,0.1,0.6,1.1,4.8
Jalen Brunson,DAL,PG,22,73,38,21.8,3.6,7.7,.467,0.9,2.5,.348,.523,.523,1.2,1.6,.725,0.3,2.0,2.3,3.2,0.5,0.1,1.2,1.7,9.3
Thomas Bryant,WAS,C,21,72,53,20.8,4.3,7.0,.616,0.5,1.4,.333,.685,.648,1.5,1.9,.781,1.6,4.7,6.3,1.3,0.3,0.9,0.8,1.8,10.5
Reggie Bullock,TOT,SG,27,63,60,29.8,3.9,9.4,.412,2.3,6.2,.377,.483,.537,1.2,1.3,.859,0.3,2.4,2.7,2.0,0.6,0.2,1.0,1.7,11.3
Trey Burke,TOT,PG,26,58,8,19.4,4.1,9.4,.431,1.0,2.7,.352,.463,.482,1.8,2.1,.831,0.5,1.2,1.7,2.7,0.6,0.1,0.8,1.0,10.9
Alec Burks,TOT,SG,27,64,24,21.5,3.0,7.4,.405,1.0,2.6,.363,.428,.469,1.8,2.2,.823,0.5,3.2,3.7,2.0,0.6,0.3,1.0,1.4,8.8
Deonte Burton,OKC,SG,25,32,0,7.5,1.0,2.6,.402,0.3,0.8,.296,.455,.451,0.3,0.4,.667,0.1,0.8,0.9,0.3,0.2,0.3,0.3,1.0,2.6
Jimmy Butler,TOT,SF-SG,29,65,65,33.6,6.4,13.9,.462,1.0,3.0,.347,.494,.499,4.8,5.6,.855,1.9,3.4,5.3,4.0,1.9,0.6,1.5,1.7,18.7
Bruno Caboclo,MEM,PF,23,34,19,23.5,2.8,6.6,.427,1.4,3.8,.369,.505,.533,1.2,1.5,.840,1.2,3.4,4.6,1.5,0.4,1.0,1.1,2.4,8.3
José Calderón,DET,PG,37,49,0,12.9,0.9,2.4,.375,0.3,1.2,.246,.492,.433,0.2,0.2,.818,0.2,1.0,1.2,2.3,0.3,0.1,0.7,1.3,2.3
Kentavious Caldwell-Pope,LAL,SG,25,82,23,24.8,4.0,9.2,.430,1.8,5.3,.347,.542,.530,1.7,1.9,.867,0.6,2.3,2.9,1.3,0.9,0.2,0.8,1.7,11.4
Isaiah Canaan,TOT,PG,27,30,16,21.0,2.1,5.5,.390,1.1,3.2,.354,.441,.494,0.6,0.8,.792,0.2,1.7,1.9,2.8,0.5,0.1,1.2,1.7,6.0
Clint Capela,HOU,C,24,67,67,33.6,7.1,10.9,.648,0.0,0.0,,.648,.648,2.5,3.9,.636,4.4,8.2,12.7,1.4,0.7,1.5,1.4,2.5,16.6
DeMarre Carroll,BRK,PF,32,67,8,25.4,3.4,8.6,.395,1.6,4.6,.342,.457,.487,2.7,3.6,.760,1.0,4.2,5.2,1.3,0.5,0.1,1.1,1.7,11.1
Jevon Carter,MEM,PG,23,39,3,14.8,1.4,4.7,.303,0.9,2.6,.333,.265,.395,0.7,0.8,.813,0.4,1.3,1.7,1.8,0.7,0.3,0.8,1.4,4.4
Vince Carter,ATL,PF,42,76,9,17.5,2.6,6.2,.419,1.6,4.2,.389,.480,.550,0.6,0.9,.712,0.4,2.1,2.6,1.1,0.6,0.4,0.6,1.9,7.4
Wendell Carter Jr.,CHI,C,19,44,44,25.2,4.1,8.4,.485,0.1,0.7,.188,.513,.493,2.0,2.5,.795,2.0,5.0,7.0,1.8,0.6,1.3,1.5,3.5,10.3
Michael Carter-Williams,TOT,PG,27,28,1,13.3,1.6,4.4,.374,0.4,1.4,.263,.424,.415,1.1,1.9,.604,0.7,1.8,2.5,2.5,0.7,0.5,0.7,1.7,4.8
Alex Caruso,LAL,PG,24,25,4,21.2,3.1,6.9,.445,1.0,2.0,.480,.431,.514,2.0,2.6,.797,0.8,1.9,2.7,3.1,1.0,0.4,1.7,2.2,9.2
Omri Casspi,MEM,SF,30,36,0,14.4,2.4,4.5,.534,0.4,1.2,.349,.602,.581,1.1,1.6,.672,0.5,2.7,3.2,0.7,0.6,0.3,0.6,1.0,6.3
Willie Cauley-Stein,SAC,C,25,81,81,27.3,5.1,9.1,.556,0.0,0.0,.500,.556,.557,1.7,3.1,.551,2.2,6.1,8.4,2.4,1.2,0.6,1.0,2.8,11.9
Troy Caupain,ORL,PG,23,4,0,4.0,1.0,2.0,.500,0.5,0.8,.667,.400,.625,0.0,0.0,,0.3,0.5,0.8,1.0,0.3,0.0,0.0,0.0,2.5
Tyler Cavanaugh,UTA,PF,24,11,0,3.5,0.3,0.9,.300,0.1,0.5,.200,.400,.350,0.2,0.2,1.000,0.3,0.5,0.7,0.1,0.0,0.0,0.1,0.3,0.8
Tyson Chandler,TOT,C,36,55,6,15.9,1.1,1.8,.616,0.0,0.0,.000,.622,.616,0.9,1.6,.586,1.7,3.9,5.6,0.7,0.4,0.4,0.8,2.0,3.1
Wilson Chandler,TOT,PF-SF,31,51,33,23.1,2.2,5.4,.418,1.2,3.1,.373,.478,.526,0.4,0.5,.720,0.9,3.3,4.2,1.6,0.5,0.4,0.9,2.4,6.0
Joe Chealey,CHO,PG,23,1,0,8.0,1.0,3.0,.333,0.0,0.0,,.333,.333,0.0,0.0,,0.0,0.0,0.0,1.0,0.0,0.0,0.0,1.0,2.0
Chris Chiozza,HOU,PG,23,7,0,4.7,0.3,1.1,.250,0.3,0.7,.400,.000,.375,0.0,0.0,,0.1,0.4,0.6,0.6,0.1,0.1,0.1,0.3,0.9
Marquese Chriss,TOT,PF,21,43,2,11.6,1.6,4.2,.372,0.4,1.7,.222,.472,.417,0.7,1.0,.711,0.9,2.4,3.3,0.5,0.4,0.3,0.8,1.9,4.2
Gary Clark,HOU,PF,24,51,2,12.6,1.0,3.0,.331,0.8,2.7,.297,.692,.467,0.1,0.1,1.000,0.5,1.8,2.3,0.4,0.4,0.5,0.1,0.9,2.9
Ian Clark,NOP,SG,27,60,6,16.2,2.5,6.4,.394,1.1,3.4,.327,.470,.480,0.6,0.6,.892,0.2,1.3,1.5,1.6,0.4,0.1,1.0,1.6,6.7
Jordan Clarkson,CLE,SG,26,81,0,27.3,6.5,14.6,.448,1.8,5.5,.324,.524,.509,2.0,2.4,.844,1.0,2.3,3.3,2.4,0.7,0.2,1.7,1.4,16.8
John Collins,ATL,PF,21,61,59,30.0,7.6,13.6,.560,0.9,2.6,.348,.609,.593,3.3,4.4,.763,3.6,6.2,9.8,2.0,0.4,0.6,2.0,3.3,19.5
Zach Collins,POR,C,21,77,0,17.6,2.5,5.2,.473,0.5,1.6,.331,.534,.523,1.2,1.6,.746,1.4,2.8,4.2,0.9,0.3,0.9,1.0,2.3,6.6
Darren Collison,IND,PG,31,76,76,28.2,4.1,8.7,.467,1.0,2.6,.407,.492,.527,2.1,2.5,.832,0.5,2.6,3.1,6.0,1.4,0.1,1.6,1.8,11.2
Bonzie Colson,MIL,SF,23,8,2,12.3,1.6,4.9,.333,0.6,2.6,.238,.444,.397,1.0,1.1,.889,1.0,2.8,3.8,0.4,0.6,0.1,0.4,0.4,4.9
Mike Conley,MEM,PG,31,70,70,33.5,7.0,16.0,.438,2.2,6.1,.364,.483,.507,4.9,5.8,.845,0.6,2.8,3.4,6.4,1.3,0.3,1.9,1.8,21.1
Pat Connaughton,MIL,SG,26,61,2,20.7,2.7,5.7,.466,1.1,3.3,.330,.647,.560,0.5,0.7,.725,1.0,3.2,4.2,2.0,0.5,0.4,0.5,1.3,6.9
Quinn Cook,GSW,PG,25,74,10,14.3,2.8,5.9,.465,1.1,2.7,.405,.515,.557,0.3,0.4,.769,0.3,1.8,2.1,1.6,0.3,0.0,0.7,1.2,6.9
DeMarcus Cousins,GSW,C,28,30,30,25.7,5.9,12.4,.480,0.9,3.2,.274,.551,.515,3.5,4.8,.736,1.4,6.8,8.2,3.6,1.3,1.5,2.4,3.6,16.3
Robert Covington,TOT,SF,28,35,35,34.4,4.5,10.3,.431,2.4,6.4,.378,.518,.548,1.9,2.5,.764,0.8,4.7,5.5,1.3,2.1,1.3,1.3,3.6,13.3
Allen Crabbe,BRK,SG,26,43,20,26.3,3.2,8.7,.367,2.3,6.0,.378,.342,.499,1.0,1.3,.732,0.4,3.1,3.4,1.1,0.5,0.3,1.1,2.4,9.6
Torrey Craig,DEN,SF,28,75,37,20.0,2.1,4.8,.442,0.8,2.5,.324,.569,.526,0.7,0.9,.700,1.2,2.3,3.5,1.0,0.5,0.6,0.6,2.3,5.7
Jamal Crawford,PHO,SG,38,64,0,18.9,2.7,6.8,.397,1.0,3.2,.332,.453,.474,1.5,1.7,.845,0.1,1.2,1.3,3.6,0.5,0.2,1.5,1.2,7.9
Mitch Creek,TOT,SF,26,5,0,9.6,1.6,3.2,.500,0.0,0.4,.000,.571,.500,1.0,1.4,.714,1.2,1.2,2.4,1.2,0.4,0.0,0.2,0.6,4.2
Jae Crowder,UTA,SF,28,80,11,27.1,4.0,10.0,.399,2.2,6.5,.331,.527,.508,1.8,2.5,.721,0.8,4.1,4.8,1.7,0.8,0.4,1.1,2.1,11.9
Dante Cunningham,SAS,PF,31,64,21,14.5,1.2,2.5,.475,0.5,1.0,.462,.484,.570,0.2,0.3,.778,0.8,2.2,2.9,0.8,0.4,0.2,0.3,1.1,3.0
Seth Curry,POR,SG,28,74,2,18.9,2.9,6.3,.456,1.5,3.4,.450,.463,.577,0.6,0.7,.846,0.4,1.3,1.6,0.9,0.5,0.2,0.8,1.3,7.9
Stephen Curry,GSW,PG,30,69,69,33.8,9.2,19.4,.472,5.1,11.7,.437,.525,.604,3.8,4.2,.916,0.7,4.7,5.3,5.2,1.3,0.4,2.8,2.4,27.3
Troy Daniels,PHO,SG,27,51,1,14.9,2.2,5.4,.411,1.5,3.8,.381,.481,.545,0.4,0.5,.783,0.3,1.2,1.4,0.5,0.5,0.1,0.5,1.5,6.2
Anthony Davis,NOP,C,25,56,56,33.0,9.5,18.3,.517,0.9,2.6,.331,.547,.540,6.1,7.7,.794,3.1,8.9,12.0,3.9,1.6,2.4,2.0,2.4,25.9
Deyonta Davis,ATL,C,22,9,0,13.1,1.7,2.4,.682,0.0,0.1,.000,.714,.682,0.7,1.1,.600,1.1,2.9,4.0,0.6,0.3,0.6,0.3,1.3,4.0
Ed Davis,BRK,C,29,81,1,17.9,2.3,3.7,.616,0.0,0.0,.000,.620,.616,1.2,2.0,.617,2.7,5.9,8.6,0.8,0.4,0.4,0.8,2.8,5.8
Tyler Davis,OKC,C,21,1,0,1.0,0.0,1.0,.000,0.0,0.0,,.000,.000,0.0,0.0,,1.0,0.0,1.0,0.0,0.0,0.0,0.0,0.0,0.0
Dewayne Dedmon,ATL,C,29,64,52,25.1,4.0,8.2,.492,1.3,3.4,.382,.570,.571,1.4,1.8,.814,1.6,5.9,7.5,1.4,1.1,1.1,1.3,3.3,10.8
Sam Dekker,TOT,PF,24,47,5,16.8,2.6,5.4,.469,0.4,1.3,.306,.521,.506,0.6,1.0,.609,1.1,2.0,3.1,1.0,0.8,0.1,0.5,1.0,6.1
Ángel Delgado,LAC,C,24,2,0,7.5,0.5,2.5,.200,0.0,0.0,,.200,.200,0.5,1.0,.500,1.0,1.0,2.0,0.0,0.5,0.0,0.0,1.0,1.5
Matthew Dellavedova,TOT,PG,28,48,0,16.9,2.0,5.0,.405,0.9,2.7,.338,.482,.496,0.9,1.1,.808,0.1,1.5,1.6,3.8,0.3,0.0,1.4,1.6,5.9
Luol Deng,MIN,SF,33,22,2,17.8,2.7,5.4,.500,0.6,2.0,.318,.608,.559,1.1,1.6,.714,0.9,2.4,3.3,0.8,0.7,0.4,0.6,1.1,7.1
DeMar DeRozan,SAS,SG,29,77,77,34.9,8.2,17.1,.481,0.1,0.6,.156,.492,.483,4.8,5.7,.830,0.7,5.3,6.0,6.2,1.1,0.5,2.6,2.3,21.2
Marcus Derrickson,GSW,PF,22,11,0,6.1,1.5,3.0,.485,0.9,1.8,.500,.462,.636,0.4,0.5,.800,0.7,0.5,1.2,0.1,0.0,0.1,0.3,0.8,4.2
Cheick Diallo,NOP,PF,22,64,1,14.0,2.6,4.2,.620,0.0,0.1,.250,.625,.622,0.8,1.0,.746,1.2,4.0,5.2,0.5,0.5,0.5,0.8,1.8,6.0
Hamidou Diallo,OKC,SG,20,51,3,10.3,1.5,3.2,.455,0.1,0.5,.167,.504,.467,0.7,1.2,.610,0.7,1.2,1.9,0.3,0.4,0.2,0.5,1.5,3.7
Gorgui Dieng,MIN,C,29,76,2,13.6,2.5,5.0,.501,0.3,0.7,.339,.530,.527,1.2,1.4,.830,1.1,3.0,4.1,0.9,0.6,0.5,0.8,1.8,6.4
Spencer Dinwiddie,BRK,PG,25,68,4,28.1,5.4,12.2,.442,1.8,5.4,.335,.528,.517,4.2,5.2,.806,0.4,2.1,2.4,4.6,0.6,0.3,2.2,2.8,16.8
Donte DiVincenzo,MIL,SG,22,27,0,15.2,1.9,4.6,.403,0.8,3.1,.265,.683,.492,0.3,0.4,.750,0.6,1.8,2.4,1.1,0.5,0.2,0.7,1.4,4.9
Luka Dončić,DAL,SG,19,72,72,32.2,7.0,16.5,.427,2.3,7.1,.327,.503,.497,4.8,6.7,.713,1.2,6.6,7.8,6.0,1.1,0.3,3.4,1.9,21.2
Tyler Dorsey,TOT,SG,22,48,11,14.5,2.2,5.5,.405,0.9,2.8,.333,.477,.489,0.8,1.3,.623,0.6,1.8,2.4,1.2,0.3,0.0,0.6,1.1,6.2
Damyean Dotson,NYK,SG,24,73,40,27.5,4.0,9.6,.415,1.7,4.7,.368,.461,.506,1.0,1.3,.745,0.5,3.1,3.6,1.8,0.8,0.1,1.0,1.8,10.7
PJ Dozier,BOS,SG,22,6,0,8.5,1.3,3.5,.381,0.3,1.3,.250,.462,.429,0.2,0.3,.500,1.0,1.8,2.8,0.8,0.3,0.0,0.0,0.3,3.2
Goran Dragić,MIA,PG,32,36,22,27.5,5.0,12.0,.413,1.6,4.6,.348,.454,.479,2.2,2.8,.782,0.6,2.5,3.1,4.8,0.8,0.1,2.0,2.3,13.7
Andre Drummond,DET,C,25,79,79,33.5,7.1,13.3,.533,0.1,0.5,.132,.548,.536,3.1,5.2,.590,5.4,10.2,15.6,1.4,1.7,1.7,2.2,3.4,17.3
Jared Dudley,BRK,PF,33,59,25,20.7,1.7,4.1,.423,0.9,2.6,.351,.545,.533,0.5,0.8,.696,0.6,2.1,2.6,1.4,0.6,0.3,0.7,2.2,4.9
Kris Dunn,CHI,PG,24,46,44,30.2,4.7,11.0,.425,0.7,2.1,.354,.441,.458,1.2,1.5,.797,0.4,3.7,4.1,6.0,1.5,0.5,2.3,3.6,11.3
Kevin Durant,GSW,SF,30,78,78,34.6,9.2,17.7,.521,1.8,5.0,.353,.587,.571,5.7,6.5,.885,0.4,5.9,6.4,5.9,0.7,1.1,2.9,2.0,26.0
Trevon Duval,MIL,PG,20,3,0,2.0,0.7,1.0,.667,0.3,0.3,1.000,.500,.833,0.0,0.0,,0.0,0.3,0.3,0.7,0.0,0.0,0.0,0.0,1.7
Vince Edwards,HOU,SF,22,2,0,8.0,0.5,2.0,.250,0.5,2.0,.250,,.375,0.0,0.0,,0.5,0.5,1.0,0.0,0.0,0.0,0.0,0.0,1.5
Henry Ellenson,TOT,PF,22,19,0,13.6,2.1,5.0,.411,0.9,2.0,.447,.386,.500,1.0,1.3,.760,0.3,3.2,3.5,0.8,0.4,0.1,0.5,1.4,6.0
Wayne Ellington,TOT,SG,31,53,38,24.5,3.5,8.6,.403,2.6,7.0,.371,.541,.554,0.7,0.9,.796,0.3,1.8,2.0,1.4,1.0,0.1,0.8,1.7,10.3
Joel Embiid,PHI,C,24,64,64,33.7,9.1,18.7,.484,1.2,4.1,.300,.535,.517,8.2,10.1,.804,2.5,11.1,13.6,3.7,0.7,1.9,3.5,3.3,27.5
James Ennis,TOT,SF,28,58,27,21.2,2.4,5.1,.469,0.9,2.7,.353,.601,.563,1.0,1.4,.716,1.0,2.1,3.1,0.7,0.7,0.4,0.6,2.6,6.7
Drew Eubanks,SAS,PF,21,23,0,4.9,0.7,1.1,.577,0.0,0.0,,.577,.577,0.5,0.6,.846,0.3,1.2,1.5,0.3,0.1,0.2,0.3,0.5,1.8
Jacob Evans,GSW,SG,21,30,1,6.8,0.6,1.8,.340,0.1,0.5,.267,.368,.377,0.0,0.0,.000,0.2,0.6,0.8,0.8,0.2,0.1,0.4,0.9,1.3
Jawun Evans,TOT,PG,22,8,0,8.1,0.4,1.8,.214,0.0,0.4,.000,.273,.214,0.0,0.0,,0.1,1.4,1.5,1.3,0.4,0.0,0.8,1.0,0.8
Tyreke Evans,IND,SG,29,69,18,20.3,3.7,9.6,.389,1.1,3.1,.356,.405,.448,1.7,2.3,.719,0.5,2.4,2.9,2.4,0.8,0.3,1.7,1.7,10.2
Dante Exum,UTA,PG,23,42,1,15.8,2.4,5.7,.419,0.4,1.5,.290,.464,.456,1.6,2.0,.791,0.4,1.2,1.6,2.6,0.3,0.1,1.2,1.6,6.9
Kenneth Faried,TOT,C,29,37,13,19.7,4.2,7.2,.589,0.2,0.7,.320,.617,.604,1.7,2.7,.646,2.6,4.1,6.8,0.5,0.5,0.6,0.9,2.2,10.4
Derrick Favors,UTA,C,27,76,70,23.2,4.8,8.1,.586,0.2,1.0,.218,.640,.600,2.0,3.0,.675,2.7,4.6,7.4,1.2,0.7,1.4,1.1,2.1,11.8
Cristiano Felício,CHI,C,26,60,0,12.4,1.6,3.0,.531,0.0,0.1,.000,.543,.531,0.8,1.2,.685,1.3,2.3,3.6,0.6,0.2,0.1,0.6,1.2,4.0
Raymond Felton,OKC,PG,34,33,0,11.5,1.7,4.1,.407,0.6,1.8,.328,.473,.481,0.4,0.4,.923,0.1,0.9,1.0,1.6,0.3,0.2,0.4,0.9,4.3
Terrance Ferguson,OKC,SG,20,74,74,26.1,2.5,5.8,.429,1.4,3.9,.366,.560,.552,0.5,0.7,.725,0.4,1.5,1.9,1.0,0.5,0.2,0.6,3.1,6.9
Yogi Ferrell,SAC,PG,25,71,3,15.0,2.2,5.0,.435,0.8,2.1,.362,.488,.511,0.8,0.9,.896,0.2,1.4,1.5,1.9,0.5,0.1,0.6,0.9,5.9
Dorian Finney-Smith,DAL,SF,25,81,26,24.5,2.8,6.5,.432,1.0,3.1,.311,.544,.507,0.9,1.3,.709,1.7,3.1,4.8,1.2,0.9,0.4,0.9,2.3,7.5
Bryn Forbes,SAS,SG,25,82,81,28.0,4.4,9.6,.456,2.1,5.0,.426,.489,.568,0.8,1.0,.885,0.2,2.7,2.9,2.1,0.5,0.0,1.0,1.9,11.8
Evan Fournier,ORL,SG,26,81,81,31.5,5.8,13.2,.438,1.9,5.6,.340,.509,.509,1.7,2.1,.806,0.5,2.7,3.2,3.6,0.9,0.1,1.9,2.8,15.1
De'Aaron Fox,SAC,PG,21,81,81,31.4,6.2,13.6,.458,1.1,2.9,.371,.482,.497,3.7,5.1,.727,0.5,3.2,3.8,7.3,1.6,0.6,2.8,2.5,17.3
Melvin Frazier,ORL,SG,22,10,0,4.4,0.7,2.1,.333,0.0,0.6,.000,.467,.333,0.1,0.4,.250,0.3,0.2,0.5,0.1,0.1,0.0,0.1,0.6,1.5
Tim Frazier,TOT,PG,28,59,19,19.0,2.0,4.4,.444,0.6,1.7,.366,.494,.515,0.7,0.9,.759,0.7,2.2,2.8,4.2,0.5,0.1,1.3,1.9,5.3
Jimmer Fredette,PHO,SG,29,6,0,10.8,1.3,4.8,.276,0.0,2.2,.000,.500,.276,1.0,1.0,1.000,0.2,1.0,1.2,1.3,0.5,0.0,0.8,0.8,3.7
Channing Frye,CLE,C,35,36,6,9.5,1.2,3.3,.368,0.9,2.2,.405,.289,.504,0.3,0.4,.786,0.1,1.3,1.4,0.6,0.2,0.1,0.4,1.2,3.6
Markelle Fultz,PHI,SG,20,19,15,22.5,3.4,8.2,.419,0.2,0.7,.286,.433,.432,1.1,1.9,.568,1.4,2.3,3.7,3.1,0.9,0.3,1.3,2.7,8.2
Danilo Gallinari,LAC,SF,30,68,68,30.3,6.0,13.0,.463,2.4,5.5,.433,.484,.554,5.4,6.0,.904,0.8,5.3,6.1,2.6,0.7,0.3,1.5,1.9,19.8
Langston Galloway,DET,SG,27,80,4,21.8,2.9,7.3,.388,1.7,4.8,.355,.449,.503,1.0,1.2,.844,0.6,1.5,2.1,1.1,0.5,0.1,0.3,1.7,8.4
Billy Garrett,NYK,SG,24,4,0,15.8,2.8,6.8,.407,0.0,2.0,.000,.579,.407,1.0,1.0,1.000,0.0,0.8,0.8,1.8,0.3,0.3,0.5,0.8,6.5
Marc Gasol,TOT,C,34,79,72,30.8,4.9,11.0,.448,1.3,3.5,.363,.487,.505,2.4,3.2,.759,1.0,6.9,7.9,4.4,1.1,1.1,2.0,2.7,13.6
Pau Gasol,TOT,C,38,30,6,12.0,1.4,3.1,.447,0.2,0.4,.462,.444,.479,0.9,1.3,.700,0.7,3.8,4.6,1.7,0.2,0.5,0.5,1.0,3.9
Rudy Gay,SAS,PF,32,69,51,26.7,5.4,10.8,.504,1.1,2.7,.402,.537,.554,1.7,2.1,.816,0.9,5.9,6.8,2.6,0.8,0.5,1.7,2.3,13.7
Paul George,OKC,SF,28,77,77,36.9,9.2,21.0,.438,3.8,9.8,.386,.484,.529,5.9,7.0,.839,1.4,6.8,8.2,4.1,2.2,0.4,2.7,2.8,28.0
Taj Gibson,MIN,PF,33,70,57,24.1,4.3,7.7,.566,0.2,0.5,.324,.583,.576,1.9,2.5,.757,2.5,4.1,6.5,1.2,0.8,0.6,1.0,2.7,10.8
Harry Giles,SAC,PF,20,58,0,14.1,3.0,6.0,.503,0.0,0.1,.000,.512,.503,1.0,1.6,.637,1.1,2.7,3.8,1.5,0.5,0.4,1.3,2.6,7.0
Shai Gilgeous-Alexander,LAC,PG,20,82,73,26.5,4.2,8.7,.476,0.6,1.7,.367,.503,.512,1.9,2.4,.800,0.7,2.1,2.8,3.3,1.2,0.5,1.7,2.1,10.8
Rudy Gobert,UTA,C,26,81,80,31.8,5.9,8.8,.669,0.0,0.0,,.669,.669,4.1,6.4,.636,3.8,9.0,12.9,2.0,0.8,2.3,1.6,2.9,15.9
Brandon Goodwin,DEN,PG,23,16,0,3.6,0.4,1.4,.261,0.1,0.4,.333,.235,.304,0.6,0.7,.818,0.1,0.1,0.2,0.9,0.0,0.0,0.2,0.4,1.4
Aaron Gordon,ORL,PF,23,78,78,33.8,6.0,13.4,.449,1.6,4.4,.349,.499,.507,2.4,3.2,.731,1.7,5.7,7.4,3.7,0.7,0.7,2.1,2.2,16.0
Eric Gordon,HOU,SG,30,68,53,31.7,5.6,13.8,.409,3.2,8.8,.360,.497,.525,1.8,2.2,.783,0.3,1.9,2.2,1.9,0.6,0.4,1.3,2.1,16.2
Marcin Gortat,LAC,C,34,47,43,16.0,2.1,4.0,.532,0.0,0.0,,.532,.532,0.7,1.0,.729,1.4,4.1,5.6,1.4,0.1,0.5,1.1,2.0,5.0
Devonte' Graham,CHO,PG,23,46,3,14.7,1.6,4.7,.343,0.7,2.6,.281,.421,.421,0.8,1.0,.761,0.2,1.2,1.4,2.6,0.5,0.0,0.7,1.0,4.7
Treveon Graham,BRK,SG,25,35,21,20.4,1.8,5.5,.335,1.1,3.7,.297,.413,.435,0.5,0.6,.818,0.7,2.4,3.1,1.0,0.4,0.2,0.5,1.9,5.3
Jerami Grant,OKC,PF,24,80,77,32.7,5.1,10.3,.497,1.4,3.7,.392,.555,.567,2.0,2.8,.710,1.2,4.0,5.2,1.0,0.8,1.3,0.8,2.7,13.6
Jerian Grant,ORL,PG,26,60,1,15.7,1.5,3.7,.418,0.7,1.8,.364,.473,.509,0.4,0.7,.650,0.3,1.3,1.6,2.6,0.7,0.1,0.9,1.3,4.2
Donte Grantham,OKC,SF,23,3,0,0.7,0.0,0.7,.000,0.0,0.7,.000,,.000,0.0,0.0,,0.0,0.0,0.0,0.0,0.0,0.0,0.0,0.0,0.0
Danny Green,TOR,SG,31,80,80,27.7,3.7,7.9,.465,2.5,5.4,.455,.487,.622,0.5,0.6,.841,0.8,3.2,4.0,1.6,0.9,0.7,0.9,2.1,10.3
Draymond Green,GSW,PF,28,66,66,31.3,2.8,6.4,.445,0.7,2.5,.285,.549,.501,1.0,1.4,.692,0.9,6.4,7.3,6.9,1.4,1.1,2.6,3.0,7.4
Gerald Green,HOU,SG,33,73,0,20.2,3.2,7.9,.400,2.1,6.0,.354,.547,.535,0.8,0.9,.838,0.4,2.1,2.5,0.5,0.5,0.4,0.8,1.7,9.2
JaMychal Green,TOT,PF,28,65,6,21.1,3.5,7.3,.483,1.1,2.7,.403,.530,.558,1.2,1.6,.792,1.6,4.7,6.3,0.8,0.7,0.5,1.3,3.0,9.4
Jeff Green,WAS,PF,32,77,44,27.2,4.2,8.9,.475,1.4,4.2,.347,.586,.555,2.4,2.7,.888,0.7,3.3,4.0,1.8,0.6,0.5,1.3,2.1,12.3
Blake Griffin,DET,PF,29,75,75,35.0,8.3,17.9,.462,2.5,7.0,.362,.525,.532,5.5,7.3,.753,1.3,6.2,7.5,5.4,0.7,0.4,3.4,2.7,24.5
Daniel Hamilton,ATL,SG,23,19,3,10.7,1.2,3.2,.383,0.4,1.2,.348,.405,.450,0.2,0.3,.500,0.5,1.9,2.5,1.2,0.3,0.1,0.8,1.0,3.0
Dusty Hannahs,MEM,SG,25,2,0,13.0,1.5,6.0,.250,0.0,2.5,.000,.429,.250,1.0,1.0,1.000,0.0,0.5,0.5,2.5,0.5,0.0,0.5,0.5,4.0
Tim Hardaway Jr.,TOT,SG,26,65,63,31.6,6.0,15.3,.393,2.5,7.3,.340,.442,.474,3.6,4.2,.841,0.5,2.9,3.4,2.4,0.8,0.1,1.6,2.2,18.1
James Harden,HOU,PG,29,78,78,36.8,10.8,24.5,.442,4.8,13.2,.368,.528,.541,9.7,11.0,.879,0.8,5.8,6.6,7.5,2.0,0.7,5.0,3.1,36.1
Maurice Harkless,POR,SF,25,60,53,23.6,3.2,6.5,.487,0.6,2.0,.275,.582,.530,0.8,1.2,.671,1.3,3.2,4.5,1.2,1.1,0.9,0.8,2.7,7.7
Montrezl Harrell,LAC,C,25,82,5,26.3,6.7,10.8,.615,0.0,0.2,.176,.623,.617,3.2,5.0,.643,2.2,4.3,6.5,2.0,0.9,1.3,1.6,3.1,16.6
Devin Harris,DAL,PG,35,68,2,15.8,1.9,5.1,.380,0.9,2.9,.310,.476,.470,1.5,2.0,.761,0.2,1.5,1.6,1.8,0.5,0.2,0.8,2.0,6.3
Gary Harris,DEN,SG,24,57,48,28.8,4.7,11.2,.424,1.4,4.2,.339,.476,.488,2.0,2.5,.799,0.7,2.1,2.8,2.2,1.0,0.3,1.2,2.0,12.9
Joe Harris,BRK,SG,27,76,76,30.2,4.9,9.8,.500,2.4,5.1,.474,.528,.622,1.4,1.8,.827,0.7,3.1,3.8,2.4,0.5,0.2,1.6,2.4,13.7
Tobias Harris,TOT,PF,26,82,82,34.7,7.5,15.3,.487,1.9,4.8,.397,.528,.549,3.2,3.7,.866,0.8,7.0,7.9,2.8,0.6,0.5,1.8,2.2,20.0
Andrew Harrison,TOT,PG,24,17,0,11.0,0.9,3.1,.302,0.3,1.5,.200,.393,.349,1.0,1.1,.944,0.4,0.8,1.2,1.4,0.2,0.1,0.7,2.0,3.2
Shaquille Harrison,CHI,SG,25,73,11,19.6,2.5,5.8,.432,0.3,1.2,.270,.475,.460,1.1,1.7,.667,0.5,2.6,3.0,1.9,1.2,0.4,0.8,1.7,6.5
Josh Hart,LAL,SG,23,67,22,25.6,2.8,6.9,.407,1.4,4.1,.336,.511,.506,0.8,1.2,.688,0.5,3.2,3.7,1.4,1.0,0.6,0.9,2.2,7.8
Isaiah Hartenstein,HOU,PF,20,28,0,7.9,0.7,1.5,.488,0.1,0.2,.333,.514,.512,0.4,0.5,.786,0.8,0.9,1.7,0.5,0.3,0.4,0.5,2.0,1.9
Udonis Haslem,MIA,C,38,10,1,7.4,1.1,3.3,.333,0.0,1.2,.000,.524,.333,0.3,0.4,.750,0.3,2.4,2.7,0.2,0.0,0.0,0.3,0.9,2.5
Gordon Hayward,BOS,PF,28,72,18,25.9,4.1,8.8,.466,1.1,3.2,.333,.542,.527,2.2,2.6,.834,0.7,3.8,4.5,3.4,0.9,0.3,1.5,1.4,11.5
John Henson,MIL,C,28,14,0,13.4,2.2,4.8,.463,0.8,2.2,.355,.556,.545,0.4,0.7,.600,1.1,3.9,5.1,1.0,0.5,0.8,0.9,1.1,5.6
Juan Hernangómez,DEN,PF,23,70,25,19.4,2.0,4.5,.439,0.9,2.6,.365,.541,.545,0.9,1.2,.767,0.9,2.9,3.8,0.8,0.4,0.3,0.5,1.3,5.8
Willy Hernangómez,CHO,C,24,58,3,14.0,2.6,5.1,.519,0.3,0.7,.385,.539,.544,1.7,2.5,.694,2.0,3.3,5.4,1.0,0.3,0.3,1.0,1.7,7.3
Mario Hezonja,NYK,SF,23,58,24,20.8,3.3,8.0,.412,0.7,2.6,.276,.478,.457,1.5,2.0,.763,0.5,3.6,4.1,1.5,1.0,0.1,1.5,1.9,8.8
Isaiah Hicks,NYK,PF,24,3,0,10.7,1.3,2.7,.500,0.0,0.0,,.500,.500,1.3,1.7,.800,0.7,1.7,2.3,0.7,0.3,1.0,0.3,1.7,4.0
Buddy Hield,SAC,SG,26,82,82,31.9,7.6,16.6,.458,3.4,7.9,.427,.487,.560,2.1,2.4,.886,1.3,3.7,5.0,2.5,0.7,0.4,1.8,2.5,20.7
Haywood Highsmith,PHI,SF,22,5,0,8.0,0.8,2.0,.400,0.2,1.0,.200,.600,.450,0.0,0.4,.000,0.0,1.0,1.0,0.4,0.2,0.0,0.2,0.2,1.8
Nenê,HOU,C,36,42,2,13.0,1.4,2.8,.517,0.0,0.1,.000,.531,.517,0.7,1.1,.660,0.8,2.1,2.9,0.6,0.4,0.4,0.3,2.1,3.6
George Hill,TOT,PG,32,60,13,21.7,2.8,6.3,.452,0.8,2.6,.314,.547,.516,1.2,1.4,.824,0.7,1.8,2.5,2.3,0.9,0.1,0.9,1.7,7.6
Solomon Hill,NOP,SF,27,44,15,20.0,1.5,4.0,.382,0.7,2.3,.317,.468,.472,0.5,0.7,.719,0.8,2.3,3.0,1.3,0.5,0.2,0.7,1.8,4.3
Aaron Holiday,IND,PG,22,50,0,12.9,2.1,5.2,.401,0.9,2.5,.339,.459,.483,0.8,1.0,.820,0.1,1.2,1.3,1.7,0.4,0.3,0.8,1.4,5.9
Jrue Holiday,NOP,SG,28,67,67,35.9,8.2,17.3,.472,1.8,5.4,.325,.539,.523,3.1,4.0,.768,1.1,3.9,5.0,7.7,1.6,0.8,3.1,2.2,21.2
Justin Holiday,TOT,SG,29,82,77,31.8,3.7,9.5,.386,2.0,5.7,.348,.442,.490,1.2,1.3,.896,0.6,3.4,3.9,1.8,1.5,0.4,1.3,2.0,10.5
John Holland,CLE,SF,30,1,0,1.0,0.0,0.0,,0.0,0.0,,,,0.0,0.0,,0.0,0.0,0.0,0.0,0.0,0.0,0.0,0.0,0.0
Rondae Hollis-Jefferson,BRK,SF,24,59,21,20.9,3.4,8.3,.411,0.2,0.8,.184,.436,.420,2.0,3.1,.645,1.4,3.8,5.3,1.6,0.7,0.5,1.2,1.8,8.9
Richaun Holmes,PHO,C,25,70,4,16.9,3.2,5.2,.608,0.0,0.0,,.608,.608,1.8,2.5,.731,1.6,3.1,4.7,0.9,0.6,1.1,0.7,2.8,8.2
Rodney Hood,TOT,SG,26,72,49,26.3,4.1,9.3,.435,1.2,3.3,.356,.478,.498,1.9,2.2,.884,0.3,1.8,2.2,1.8,0.8,0.2,0.8,2.0,11.2
Al Horford,BOS,C,32,68,68,29.0,5.7,10.6,.535,1.1,3.0,.360,.604,.586,1.1,1.4,.821,1.8,5.0,6.7,4.2,0.9,1.3,1.5,1.9,13.6
Danuel House,HOU,SF,25,39,13,25.1,3.0,6.5,.468,1.9,4.6,.416,.595,.615,1.4,1.8,.789,0.6,2.9,3.6,1.0,0.5,0.3,0.9,2.1,9.4
Dwight Howard,WAS,C,33,9,9,25.6,4.8,7.7,.623,0.0,0.0,,.623,.623,3.2,5.3,.604,2.7,6.6,9.2,0.4,0.8,0.4,1.8,3.8,12.8
Kevin Huerter,ATL,SG,20,75,59,27.3,3.7,8.8,.419,1.8,4.7,.385,.457,.522,0.5,0.7,.732,0.8,2.5,3.3,2.9,0.9,0.3,1.5,2.1,9.7
Isaac Humphries,ATL,C,21,5,1,11.2,1.2,4.2,.286,0.6,2.2,.273,.300,.357,0.0,0.0,,0.8,1.4,2.2,0.0,0.2,0.0,0.0,1.4,3.0
R.J. Hunter,BOS,SG,25,1,0,26.0,6.0,13.0,.462,4.0,10.0,.400,.667,.615,1.0,2.0,.500,1.0,2.0,3.0,3.0,1.0,0.0,0.0,3.0,17.0
Chandler Hutchison,CHI,SF,22,44,14,20.3,2.2,4.8,.459,0.3,1.1,.280,.516,.493,0.5,0.9,.605,0.7,3.5,4.2,0.8,0.5,0.1,0.6,1.3,5.2
Serge Ibaka,TOR,C,29,74,51,27.2,6.3,11.9,.529,0.7,2.3,.290,.586,.557,1.8,2.4,.763,2.1,6.0,8.1,1.3,0.4,1.4,1.5,2.9,15.0
Andre Iguodala,GSW,SF,35,68,13,23.2,2.2,4.4,.500,0.7,2.1,.333,.652,.579,0.6,1.0,.582,0.7,3.0,3.7,3.2,0.9,0.8,0.8,1.4,5.7
Ersan İlyasova,MIL,PF,31,67,7,18.4,2.5,5.7,.438,0.9,2.4,.363,.493,.514,0.9,1.1,.824,1.4,3.1,4.5,0.8,0.5,0.3,0.7,2.6,6.8
Joe Ingles,UTA,PF,31,82,82,31.3,4.4,9.8,.448,2.3,5.9,.391,.533,.565,1.1,1.5,.707,0.4,3.6,4.0,5.7,1.2,0.2,2.4,2.2,12.1
Andre Ingram,LAL,SG,33,4,0,3.8,0.0,1.5,.000,0.0,0.8,.000,.000,.000,0.0,0.0,,0.3,0.3,0.5,0.0,0.3,0.0,0.3,0.0,0.0
Brandon Ingram,LAL,SF,21,52,52,33.8,7.0,14.0,.497,0.6,1.8,.330,.521,.518,3.8,5.6,.675,0.8,4.3,5.1,3.0,0.5,0.6,2.5,2.9,18.3
Kyrie Irving,BOS,PG,26,67,67,33.0,9.0,18.5,.487,2.6,6.5,.401,.533,.557,3.2,3.7,.873,1.1,3.9,5.0,6.9,1.5,0.5,2.6,2.5,23.8
Jonathan Isaac,ORL,PF,21,75,64,26.6,3.5,8.1,.429,1.1,3.5,.323,.510,.499,1.5,1.8,.815,1.3,4.2,5.5,1.1,0.8,1.3,1.0,1.9,9.6
Wesley Iwundu,ORL,SF,24,68,13,18.1,1.7,4.0,.412,0.4,1.2,.367,.431,.465,1.2,1.5,.816,0.5,2.2,2.7,1.1,0.4,0.3,0.6,1.8,5.0
Demetrius Jackson,PHI,PG,24,6,0,6.5,1.3,2.5,.533,0.3,1.0,.333,.667,.600,0.7,0.7,1.000,0.3,0.2,0.5,0.8,0.3,0.0,0.2,0.7,3.7
Frank Jackson,NOP,PG,20,61,16,19.2,3.2,7.3,.434,0.9,2.8,.314,.507,.493,0.9,1.2,.740,0.4,1.8,2.2,1.1,0.4,0.0,0.8,1.5,8.1
Jaren Jackson Jr.,MEM,PF,19,58,56,26.1,5.1,10.2,.506,0.9,2.4,.359,.553,.549,2.6,3.4,.766,1.3,3.4,4.7,1.1,0.9,1.4,1.7,3.8,13.8
Josh Jackson,PHO,SG,21,79,29,25.2,4.4,10.6,.413,0.9,2.8,.324,.445,.456,1.8,2.7,.671,0.8,3.6,4.4,2.3,0.9,0.7,2.2,2.6,11.5
Justin Jackson,TOT,SF,23,81,14,19.9,2.7,6.0,.447,1.1,3.0,.355,.542,.537,0.8,1.0,.785,0.5,2.1,2.6,1.2,0.4,0.2,0.4,1.2,7.2
Reggie Jackson,DET,PG,28,82,82,27.9,5.4,12.8,.421,2.1,5.7,.369,.464,.504,2.5,2.9,.864,0.5,2.1,2.6,4.2,0.7,0.1,1.8,2.5,15.4
LeBron James,LAL,SF,34,55,55,35.2,10.1,19.9,.510,2.0,5.9,.339,.582,.560,5.1,7.6,.665,1.0,7.4,8.5,8.3,1.3,0.6,3.6,1.7,27.4
Amile Jefferson,ORL,PF,25,12,0,5.7,0.8,1.3,.625,0.0,0.0,,.625,.625,0.6,0.7,.875,0.5,1.3,1.8,0.3,0.3,0.3,0.1,0.7,2.3
John Jenkins,TOT,SG,27,26,0,12.8,1.6,4.0,.400,0.8,2.2,.379,.426,.505,0.6,0.7,.833,0.2,1.2,1.4,0.8,0.0,0.1,0.3,0.4,4.7
Jonas Jerebko,GSW,PF,31,73,6,16.7,2.2,4.9,.459,0.9,2.6,.367,.563,.556,0.9,1.1,.800,1.0,3.0,3.9,1.3,0.4,0.2,0.6,1.9,6.3
Alize Johnson,IND,PF,22,14,0,4.6,0.3,1.1,.250,0.1,0.1,.500,.214,.281,0.3,0.6,.500,0.3,1.1,1.4,0.1,0.1,0.2,0.0,0.5,0.9
Amir Johnson,PHI,C,31,51,6,10.4,1.5,3.1,.503,0.2,0.8,.300,.573,.541,0.6,0.8,.756,0.9,2.0,2.9,1.2,0.3,0.3,0.9,1.9,3.9
B.J. Johnson,TOT,SF,23,7,0,7.0,1.3,2.6,.500,0.4,1.0,.429,.545,.583,0.3,0.3,1.000,0.3,0.9,1.1,0.0,0.3,0.0,0.3,0.6,3.3
James Johnson,MIA,PF,31,55,33,21.2,3.0,6.9,.433,0.9,2.7,.336,.496,.499,0.9,1.3,.714,0.4,2.8,3.2,2.5,0.6,0.5,1.3,2.1,7.8
Stanley Johnson,TOT,SF,22,66,7,18.3,2.6,6.7,.389,0.9,3.3,.288,.484,.459,0.8,1.0,.781,0.5,2.8,3.3,1.3,0.9,0.2,1.2,1.7,6.9
Tyler Johnson,TOT,PG,26,57,22,26.8,3.8,9.2,.413,1.6,4.6,.346,.477,.498,1.7,2.2,.748,0.6,2.4,3.0,2.9,0.9,0.5,1.4,1.7,10.9
Wesley Johnson,TOT,SF,31,38,13,14.1,1.2,3.4,.352,0.7,2.0,.329,.385,.449,0.3,0.5,.684,0.3,1.6,1.9,0.6,0.4,0.3,0.5,1.7,3.4
Nikola Jokić,DEN,C,23,80,80,31.3,7.7,15.1,.511,1.0,3.4,.307,.569,.545,3.6,4.4,.821,2.9,8.0,10.8,7.3,1.4,0.7,3.1,2.9,20.1
Damian Jones,GSW,C,23,24,22,17.1,2.2,3.1,.716,0.0,0.0,,.716,.716,1.0,1.5,.649,1.3,1.8,3.1,1.2,0.5,1.0,0.7,2.6,5.4
Derrick Jones Jr.,MIA,SF,21,60,14,19.2,2.7,5.4,.494,0.5,1.5,.308,.567,.537,1.2,2.0,.607,1.6,2.4,4.0,0.6,0.8,0.7,0.7,2.1,7.0
Jalen Jones,CLE,SF,25,16,0,13.4,1.6,3.9,.419,0.6,1.8,.357,.471,.500,1.2,1.7,.704,0.7,1.4,2.1,0.4,0.6,0.1,0.5,1.7,5.1
Jemerrio Jones,LAL,SF,23,6,2,23.8,2.0,5.5,.364,0.3,1.7,.200,.435,.394,0.2,0.3,.500,2.7,5.5,8.2,2.2,1.2,0.8,0.8,1.7,4.5
Terrence Jones,HOU,PF,27,2,0,2.5,0.5,2.0,.250,0.0,1.0,.000,.500,.250,0.0,0.5,.000,0.0,2.0,2.0,0.0,0.0,0.0,0.5,0.5,1.0
Tyus Jones,MIN,PG,22,68,23,22.9,2.7,6.6,.415,0.6,1.9,.317,.453,.460,0.9,1.0,.841,0.3,1.6,2.0,4.8,1.2,0.1,0.7,1.1,6.9
DeAndre Jordan,TOT,C,30,69,69,29.7,4.1,6.5,.641,0.0,0.0,,.641,.641,2.7,3.8,.705,3.3,9.8,13.1,2.3,0.6,1.1,2.2,2.4,11.0
Cory Joseph,IND,PG,27,82,9,25.2,2.8,6.7,.412,0.7,2.1,.322,.454,.463,0.4,0.5,.698,0.5,2.9,3.4,3.9,1.1,0.3,1.0,1.6,6.5
Frank Kaminsky,CHO,C,25,47,0,16.1,2.9,6.3,.463,1.1,3.0,.360,.553,.547,1.7,2.3,.738,0.8,2.6,3.5,1.3,0.3,0.3,0.9,1.4,8.6
Enes Kanter,TOT,C,26,67,31,24.5,5.6,10.2,.549,0.1,0.5,.294,.562,.556,2.3,2.9,.787,3.8,6.0,9.8,1.7,0.5,0.4,1.8,2.5,13.7
Luke Kennard,DET,SG,22,63,10,22.8,3.6,8.3,.438,1.7,4.3,.394,.486,.540,0.8,1.0,.836,0.2,2.7,2.9,1.8,0.4,0.2,0.9,1.5,9.7
Michael Kidd-Gilchrist,CHO,PF,25,64,3,18.4,2.5,5.2,.476,0.3,0.7,.340,.498,.500,1.5,1.9,.772,1.4,2.5,3.8,1.0,0.5,0.6,0.7,2.4,6.7
George King,PHO,SF,25,1,0,6.0,0.0,0.0,,0.0,0.0,,,,0.0,0.0,,0.0,1.0,1.0,0.0,0.0,0.0,0.0,0.0,0.0
Maxi Kleber,DAL,PF,27,71,18,21.2,2.5,5.4,.453,1.1,3.1,.353,.583,.553,0.8,1.0,.784,1.3,3.4,4.6,1.0,0.5,1.1,0.8,2.0,6.8
Brandon Knight,TOT,PG,27,39,26,18.9,2.5,6.7,.381,1.1,3.3,.318,.443,.460,0.7,0.9,.794,0.3,1.3,1.5,1.8,0.5,0.1,0.8,1.6,6.8
Kevin Knox,NYK,PF,19,75,57,28.8,4.5,12.2,.370,1.7,4.9,.343,.387,.438,2.2,3.0,.717,0.8,3.7,4.5,1.1,0.6,0.3,1.5,2.3,12.8
Furkan Korkmaz,PHI,SG,21,48,7,14.1,2.0,5.1,.400,1.0,3.0,.326,.505,.496,0.8,0.9,.818,0.3,1.9,2.2,1.1,0.6,0.0,0.5,1.3,5.8
Luke Kornet,NYK,PF,23,46,18,17.0,2.3,6.2,.378,1.5,4.2,.363,.411,.502,0.8,1.0,.826,0.6,2.3,2.9,1.2,0.6,0.9,0.5,0.9,7.0
Kyle Korver,TOT,SG-PF,37,70,0,19.1,2.9,6.9,.416,2.0,5.0,.397,.467,.559,0.9,1.0,.822,0.1,2.2,2.3,1.2,0.4,0.2,0.8,1.5,8.6
Kosta Koufos,SAC,C,29,42,1,12.0,1.7,3.6,.477,0.0,0.0,,.477,.477,0.2,0.6,.417,1.2,3.0,4.2,0.9,0.4,0.4,0.6,1.6,3.7
Rodions Kurucs,BRK,SF,20,63,46,20.5,3.2,7.1,.450,0.9,2.9,.315,.543,.514,1.1,1.5,.783,0.9,3.0,3.9,0.8,0.7,0.4,1.2,2.3,8.5
Kyle Kuzma,LAL,PF,23,70,68,33.1,7.1,15.5,.456,1.8,6.0,.303,.553,.515,2.7,3.6,.752,0.9,4.6,5.5,2.5,0.6,0.4,1.9,2.4,18.7
Skal Labissière,TOT,PF,22,22,1,8.0,1.2,2.2,.531,0.3,0.6,.462,.556,.592,0.4,0.8,.529,0.4,1.5,2.0,0.5,0.2,0.3,0.5,1.3,3.0
Jeremy Lamb,CHO,SG,26,79,55,28.5,5.5,12.4,.440,1.5,4.2,.348,.487,.499,2.9,3.3,.888,0.8,4.7,5.5,2.2,1.1,0.4,1.0,1.8,15.3
Zach LaVine,CHI,SG,23,63,62,34.5,8.4,18.0,.467,1.9,5.1,.374,.504,.520,5.0,6.0,.832,0.6,4.0,4.7,4.5,1.0,0.4,3.4,2.2,23.7
Jake Layman,POR,SF,24,71,33,18.7,3.0,6.0,.509,0.8,2.5,.326,.646,.579,0.7,1.0,.704,0.8,2.3,3.1,0.7,0.4,0.4,0.6,1.6,7.6
T.J. Leaf,IND,PF,21,58,1,9.0,1.7,3.2,.541,0.1,0.5,.258,.599,.563,0.3,0.5,.613,0.7,1.4,2.2,0.4,0.2,0.3,0.2,0.6,3.9
Courtney Lee,TOT,SG,33,34,6,12.6,1.6,3.8,.411,0.5,1.6,.291,.500,.473,0.4,0.6,.667,0.3,1.3,1.6,1.1,0.6,0.1,0.4,0.9,4.0
Damion Lee,GSW,SG,26,32,0,11.7,1.8,4.0,.441,0.8,2.1,.397,.492,.547,0.6,0.7,.864,0.3,1.8,2.0,0.4,0.4,0.0,0.3,0.9,4.9
Walt Lemon Jr.,CHI,PG,26,6,3,27.8,6.3,14.5,.437,0.3,0.8,.400,.439,.448,1.3,1.8,.727,0.7,3.8,4.5,5.0,1.8,0.2,1.7,2.3,14.3
Alex Len,ATL,C,25,77,31,20.1,4.2,8.4,.494,1.0,2.6,.363,.554,.551,1.8,2.8,.648,2.1,3.5,5.5,1.1,0.4,0.9,1.3,2.6,11.1
Kawhi Leonard,TOR,SF,27,60,60,34.0,9.3,18.8,.496,1.9,5.0,.371,.542,.546,6.1,7.1,.854,1.3,6.0,7.3,3.3,1.8,0.4,2.0,1.5,26.6
Meyers Leonard,POR,C,26,61,2,14.4,2.2,4.0,.545,0.8,1.8,.450,.626,.649,0.7,0.8,.843,0.8,3.0,3.8,1.2,0.2,0.1,0.7,1.7,5.9
Jon Leuer,DET,PF,29,41,1,9.8,1.6,2.8,.584,0.0,0.3,.091,.637,.588,0.6,0.8,.742,0.7,1.7,2.4,0.3,0.3,0.1,0.6,1.5,3.8
Caris LeVert,BRK,SF,24,40,25,26.6,5.2,12.1,.429,1.2,3.9,.312,.483,.478,2.1,3.1,.691,0.9,2.9,3.8,3.9,1.1,0.4,1.7,1.9,13.7
Damian Lillard,POR,PG,28,80,80,35.5,8.5,19.2,.444,3.0,8.0,.369,.499,.522,5.9,6.4,.912,0.9,3.8,4.6,6.9,1.1,0.4,2.7,1.9,25.8
Jeremy Lin,TOT,PG,30,74,4,19.4,3.2,7.3,.440,0.7,2.5,.294,.517,.491,2.4,2.8,.838,0.3,2.1,2.4,3.1,0.6,0.2,1.7,1.9,9.6
Shaun Livingston,GSW,PG,33,64,0,15.1,1.7,3.3,.519,0.0,0.0,.000,.524,.519,0.6,0.8,.784,0.7,1.2,1.8,1.8,0.5,0.4,0.6,1.2,4.0
Zach Lofton,DET,SG,26,1,0,4.0,0.0,1.0,.000,0.0,1.0,.000,,.000,0.0,0.0,,0.0,0.0,0.0,0.0,1.0,0.0,1.0,0.0,0.0
Kevon Looney,GSW,C,22,80,24,18.5,2.7,4.3,.625,0.0,0.1,.100,.641,.627,0.8,1.3,.619,2.4,2.8,5.2,1.5,0.6,0.7,0.6,2.6,6.3
Brook Lopez,MIL,C,30,81,81,28.7,4.4,9.7,.452,2.3,6.3,.365,.613,.571,1.4,1.6,.842,0.4,4.5,4.9,1.2,0.6,2.2,1.0,2.3,12.5
Robin Lopez,CHI,C,30,74,36,21.7,4.1,7.2,.568,0.1,0.4,.226,.589,.575,1.2,1.7,.724,1.9,2.0,3.9,1.2,0.1,1.1,1.3,1.7,9.5
Kevin Love,CLE,PF,30,22,21,27.2,5.0,12.9,.385,2.4,6.7,.361,.412,.479,4.7,5.2,.904,1.5,9.4,10.9,2.2,0.3,0.2,1.9,2.5,17.0
Kyle Lowry,TOR,PG,32,65,65,34.0,4.7,11.4,.411,2.4,7.0,.347,.514,.518,2.5,3.0,.830,0.6,4.2,4.8,8.7,1.4,0.5,2.8,2.6,14.2
Jordan Loyd,TOR,PG,25,12,0,4.6,0.7,1.5,.444,0.3,0.7,.500,.400,.556,0.8,0.9,.818,0.1,0.7,0.8,0.5,0.0,0.0,0.2,0.4,2.4
Kalin Lucas,DET,PG,29,1,0,6.0,0.0,1.0,.000,0.0,1.0,.000,,.000,2.0,2.0,1.000,0.0,3.0,3.0,1.0,0.0,0.0,0.0,1.0,2.0
Timothé Luwawu-Cabarrot,TOT,SF,23,50,7,13.4,1.6,4.4,.376,0.7,2.3,.310,.451,.459,0.6,0.8,.756,0.2,1.7,1.9,0.5,0.4,0.2,0.4,1.5,4.6
Tyler Lydon,DEN,PF,22,25,0,3.8,0.4,0.7,.500,0.2,0.4,.400,.625,.611,0.0,0.1,.333,0.3,0.4,0.7,0.2,0.1,0.0,0.2,0.4,0.9
Trey Lyles,DEN,PF,23,64,2,17.5,3.2,7.7,.418,0.8,3.1,.255,.529,.470,1.3,1.8,.698,0.7,3.2,3.8,1.4,0.5,0.4,1.1,1.5,8.5
Scott Machado,LAL,PG,28,4,0,4.8,1.0,1.5,.667,0.3,0.3,1.000,.600,.750,0.3,0.3,1.000,0.0,0.0,0.0,0.8,0.3,0.0,0.0,0.5,2.5
Shelvin Mack,TOT,PG,28,57,3,21.9,2.9,7.1,.404,0.8,2.3,.354,.429,.462,1.0,1.5,.690,0.3,1.5,1.8,3.2,0.8,0.1,1.2,1.5,7.5
Daryl Macon,DAL,SG,23,8,0,11.3,1.3,3.4,.370,0.6,1.4,.455,.313,.463,0.5,0.9,.571,0.3,1.3,1.5,0.9,0.1,0.0,0.8,1.0,3.6
J.P. Macura,CHO,SG,23,2,0,8.5,1.5,4.5,.333,0.0,2.0,.000,.600,.333,0.0,0.0,,0.0,1.5,1.5,1.0,0.0,0.0,0.0,0.0,3.0
Ian Mahinmi,WAS,C,32,34,6,14.6,1.4,3.1,.452,0.1,0.5,.188,.500,.466,1.2,1.8,.689,1.4,2.4,3.8,0.7,0.7,0.5,0.6,2.5,4.1
Thon Maker,TOT,C-PF,21,64,5,15.2,1.7,4.2,.407,0.8,2.4,.320,.522,.498,0.9,1.3,.667,0.6,2.5,3.2,0.7,0.3,0.8,0.5,1.6,5.0
Boban Marjanović,TOT,C,30,58,12,11.7,2.8,4.5,.615,0.1,0.2,.400,.624,.623,1.7,2.3,.748,1.5,3.1,4.6,0.9,0.3,0.5,1.0,1.6,7.3
Lauri Markkanen,CHI,PF,21,52,51,32.3,6.6,15.3,.430,2.3,6.4,.361,.479,.506,3.3,3.8,.872,1.4,7.6,9.0,1.4,0.7,0.6,1.6,2.3,18.7
Jarell Martin,ORL,PF,24,42,1,7.8,1.0,2.5,.413,0.5,1.4,.351,.489,.510,0.2,0.3,.818,0.3,1.5,1.7,0.4,0.1,0.2,0.3,1.2,2.7
Frank Mason III,SAC,PG,24,38,0,11.4,1.9,4.4,.420,0.4,1.7,.219,.543,.462,1.0,1.5,.684,0.2,1.0,1.1,2.2,0.4,0.1,0.9,0.9,5.1
Yante Maten,MIA,PF,22,2,0,6.5,0.5,2.0,.250,0.0,0.5,.000,.333,.250,0.0,0.0,,0.5,1.0,1.5,0.0,0.5,0.0,0.0,0.0,1.0
Wesley Matthews,TOT,SF-SG,32,69,68,30.3,4.0,10.1,.400,2.2,5.8,.372,.437,.507,1.9,2.4,.810,0.5,2.0,2.5,2.3,0.8,0.2,1.3,2.3,12.2
Luc Mbah a Moute,LAC,PF,32,4,0,15.3,2.0,4.5,.444,0.5,1.5,.333,.500,.500,0.5,1.3,.400,0.5,1.3,1.8,0.5,0.3,0.3,0.5,2.0,5.0
Tahjere McCall,BRK,SG,24,1,0,8.0,2.0,3.0,.667,0.0,1.0,.000,1.000,.667,0.0,1.0,.000,0.0,1.0,1.0,0.0,0.0,0.0,0.0,2.0,4.0
Patrick McCaw,TOT,SG,23,29,1,13.7,0.9,2.2,.413,0.3,1.0,.321,.486,.484,0.4,0.5,.867,0.2,1.4,1.7,1.0,0.8,0.1,0.6,1.3,2.6
CJ McCollum,POR,SG,27,70,70,33.9,8.2,17.8,.459,2.4,6.4,.375,.506,.527,2.3,2.7,.828,0.9,3.1,4.0,3.0,0.8,0.4,1.5,2.5,21.0
T.J. McConnell,PHI,PG,26,76,3,19.3,2.9,5.5,.525,0.2,0.6,.333,.546,.542,0.4,0.5,.784,0.4,1.9,2.3,3.4,1.0,0.2,1.2,1.4,6.4
Doug McDermott,IND,SF,27,77,1,17.4,2.7,5.5,.491,1.1,2.7,.408,.569,.590,0.9,1.0,.835,0.2,1.2,1.4,0.9,0.2,0.1,0.5,1.4,7.3
JaVale McGee,LAL,C,31,75,62,22.3,5.3,8.5,.624,0.0,0.2,.083,.634,.625,1.3,2.0,.632,2.6,4.9,7.5,0.7,0.6,2.0,1.4,2.8,12.0
Rodney McGruder,MIA,SG,27,66,45,23.5,2.8,7.0,.403,1.2,3.4,.351,.453,.489,0.8,1.1,.722,0.9,2.7,3.6,1.7,0.5,0.2,1.0,1.7,7.6
Alfonzo McKinnie,GSW,SF,26,72,5,13.9,1.9,3.8,.487,0.6,1.6,.356,.586,.564,0.4,0.7,.563,1.1,2.3,3.4,0.4,0.3,0.2,0.4,1.9,4.7
Ben McLemore,SAC,SG,25,19,0,8.3,1.3,3.4,.391,0.9,2.2,.415,.348,.523,0.4,0.6,.667,0.2,0.7,0.9,0.2,0.3,0.2,0.3,1.2,3.9
Jordan McRae,WAS,SG,27,27,0,12.3,2.3,4.8,.469,0.4,1.3,.286,.537,.508,1.0,1.3,.800,0.2,1.3,1.5,1.1,0.5,0.3,0.6,1.0,5.9
Jodie Meeks,TOR,SG,31,8,0,13.0,2.6,4.9,.538,1.0,2.3,.444,.619,.641,0.1,0.1,1.000,0.1,1.4,1.5,1.0,0.1,0.1,0.3,0.6,6.4
Salah Mejri,DAL,C,32,36,4,11.1,1.5,3.1,.491,0.3,0.9,.324,.564,.540,0.6,0.9,.625,1.0,2.6,3.6,1.0,0.3,0.7,0.6,1.5,3.9
De'Anthony Melton,PHO,PG,20,50,31,19.7,2.0,5.1,.391,0.6,1.9,.305,.441,.447,0.4,0.6,.750,0.5,2.2,2.7,3.2,1.4,0.5,1.5,2.3,5.0
Chimezie Metu,SAS,PF,21,29,0,5.0,0.7,2.0,.328,0.0,0.1,.000,.339,.328,0.4,0.6,.765,0.3,0.9,1.2,0.4,0.2,0.1,0.5,0.5,1.8
Khris Middleton,MIL,SF,27,77,77,31.1,6.6,14.9,.441,2.3,6.2,.378,.485,.519,2.8,3.4,.837,0.6,5.3,6.0,4.3,1.0,0.1,2.3,2.2,18.3
C.J. Miles,TOT,SF,31,53,1,16.2,2.1,5.9,.360,1.3,3.8,.330,.417,.468,0.9,1.1,.828,0.2,1.5,1.8,0.7,0.5,0.3,0.6,1.5,6.4
Darius Miller,NOP,SF,28,69,15,25.5,2.7,7.0,.390,1.9,5.3,.365,.467,.528,0.8,1.0,.789,0.2,1.7,1.9,2.1,0.6,0.3,0.9,2.4,8.2
Malcolm Miller,TOR,SF,25,10,0,6.7,1.1,2.6,.423,1.0,2.1,.476,.200,.615,0.3,0.4,.750,0.1,0.4,0.5,0.1,0.1,0.1,0.1,0.5,3.5
Patty Mills,SAS,PG,30,82,1,23.3,3.4,8.1,.425,1.9,4.9,.394,.475,.545,1.1,1.3,.854,0.3,1.9,2.2,3.0,0.6,0.1,1.1,1.6,9.9
Paul Millsap,DEN,PF,33,70,65,27.1,4.6,9.5,.484,0.8,2.3,.365,.522,.528,2.6,3.6,.727,2.2,5.0,7.2,2.0,1.2,0.8,1.4,2.6,12.6
Shake Milton,PHI,SG,22,20,0,13.4,1.7,4.4,.391,0.7,2.2,.318,.465,.471,0.3,0.4,.714,0.5,1.3,1.8,0.9,0.4,0.4,0.3,1.5,4.4
Nikola Mirotić,TOT,PF,27,46,25,27.1,5.2,11.8,.439,2.5,6.9,.365,.545,.546,2.3,2.7,.847,1.3,6.1,7.4,1.2,0.7,0.7,1.0,2.3,15.2
Donovan Mitchell,UTA,SG,22,77,77,33.7,8.6,19.9,.432,2.4,6.7,.362,.468,.493,4.1,5.1,.806,0.8,3.3,4.1,4.2,1.4,0.4,2.8,2.7,23.8
Naz Mitrou-Long,UTA,SG,25,14,0,6.0,0.4,1.4,.300,0.1,0.8,.182,.444,.350,0.1,0.1,1.000,0.1,0.4,0.4,1.1,0.1,0.1,0.6,0.7,1.1
Malik Monk,CHO,SG,20,73,0,17.2,3.1,8.0,.387,1.5,4.5,.330,.461,.480,1.2,1.4,.882,0.2,1.7,1.9,1.6,0.5,0.3,1.2,1.5,8.9
Greg Monroe,TOT,C,28,43,2,11.2,2.1,4.4,.487,0.0,0.1,.200,.495,.489,1.0,1.7,.625,1.6,2.4,4.0,0.6,0.3,0.2,0.7,1.5,5.3
E'Twaun Moore,NOP,SG,29,53,36,27.6,4.8,10.0,.481,1.4,3.3,.432,.506,.553,0.8,1.1,.763,0.7,1.7,2.4,1.9,0.8,0.2,1.1,2.1,11.9
Eric Moreland,TOT,PF,27,5,0,8.6,0.6,1.4,.429,0.2,0.2,1.000,.333,.500,0.0,0.0,,0.8,3.2,4.0,0.8,0.2,0.2,1.0,1.8,1.4
Jaylen Morris,MIL,SG,23,4,0,7.3,1.0,2.5,.400,0.3,0.8,.333,.429,.450,0.3,0.5,.500,0.0,1.3,1.3,1.0,0.5,0.0,0.3,0.3,2.5
Marcus Morris,BOS,PF,29,75,53,27.9,5.0,11.3,.447,1.9,5.2,.375,.508,.533,1.9,2.3,.844,1.0,5.1,6.1,1.5,0.6,0.3,1.2,2.4,13.9
Markieff Morris,TOT,PF,29,58,16,21.9,3.5,8.3,.421,1.2,3.5,.335,.484,.492,1.2,1.6,.772,1.1,3.5,4.6,1.4,0.6,0.4,0.9,3.0,9.4
Monte Morris,DEN,PG,23,82,6,24.0,4.2,8.6,.493,1.1,2.8,.414,.531,.560,0.8,1.0,.802,0.4,1.9,2.4,3.6,0.9,0.0,0.6,1.2,10.4
Donatas Motiejūnas,SAS,PF,28,3,0,4.3,1.0,2.0,.500,0.0,0.0,,.500,.500,0.0,0.7,.000,0.7,0.3,1.0,0.3,0.0,0.3,1.0,2.0,2.0
Johnathan Motley,LAC,PF,23,22,0,7.1,1.8,3.3,.534,0.0,0.1,.000,.557,.534,1.1,1.8,.600,0.8,1.5,2.3,0.5,0.2,0.1,0.7,1.2,4.6
Emmanuel Mudiay,NYK,PG,22,59,42,27.2,5.6,12.5,.446,1.2,3.6,.329,.492,.493,2.4,3.2,.774,0.6,2.8,3.3,3.9,0.7,0.3,2.4,1.7,14.8
Jamal Murray,DEN,PG,21,75,74,32.6,6.8,15.6,.437,2.0,5.5,.367,.476,.502,2.5,3.0,.848,0.9,3.4,4.2,4.8,0.9,0.4,2.1,2.0,18.2
Džanan Musa,BRK,SG,19,9,0,4.3,1.0,2.4,.409,0.1,1.1,.100,.667,.432,0.0,0.2,.000,0.1,0.4,0.6,0.2,0.2,0.0,0.4,0.1,2.1
Mike Muscala,TOT,PF,27,64,10,20.4,2.3,5.6,.402,1.4,4.0,.348,.533,.525,1.1,1.3,.824,0.9,2.9,3.8,1.2,0.3,0.6,0.8,2.0,7.0
Svi Mykhailiuk,TOT,SF,21,42,0,10.5,1.1,3.3,.329,0.7,2.1,.326,.333,.432,0.3,0.5,.600,0.2,0.6,0.9,0.9,0.3,0.0,0.5,0.6,3.2
Abdel Nader,OKC,SF,25,61,1,11.4,1.5,3.5,.423,0.5,1.6,.320,.513,.498,0.4,0.6,.750,0.2,1.7,1.9,0.3,0.3,0.2,0.4,1.1,4.0
Larry Nance Jr.,CLE,C,26,67,30,26.8,3.7,7.1,.520,0.5,1.5,.337,.567,.554,1.4,2.0,.716,2.5,5.7,8.2,3.2,1.5,0.6,1.4,2.9,9.4
Shabazz Napier,BRK,PG,27,56,2,17.6,3.0,7.8,.389,1.4,4.1,.333,.449,.476,2.1,2.5,.833,0.3,1.5,1.8,2.6,0.7,0.3,1.2,1.2,9.4
Raul Neto,UTA,PG,26,37,1,12.8,2.0,4.4,.460,0.5,1.6,.333,.535,.522,0.8,0.9,.848,0.2,1.5,1.7,2.5,0.4,0.1,0.9,1.3,5.3
Georges Niang,UTA,PF,25,59,0,8.7,1.5,3.1,.475,0.7,1.8,.410,.566,.594,0.3,0.4,.833,0.2,1.3,1.5,0.6,0.2,0.1,0.4,1.0,4.0
Joakim Noah,MEM,C,33,42,1,16.5,2.6,5.1,.516,0.0,0.0,.000,.519,.516,1.9,2.6,.716,1.4,4.3,5.7,2.1,0.5,0.7,1.2,2.3,7.1
Nerlens Noel,OKC,C,24,77,2,13.7,2.1,3.6,.587,0.0,0.0,,.587,.587,0.7,1.0,.684,1.6,2.6,4.2,0.6,0.9,1.2,0.6,2.2,4.9
Dirk Nowitzki,DAL,PF,40,51,20,15.6,2.6,7.4,.359,1.3,4.0,.312,.415,.444,0.8,1.0,.780,0.1,3.0,3.1,0.7,0.2,0.4,0.4,1.5,7.3
Frank Ntilikina,NYK,PG,20,43,16,21.0,2.2,6.6,.337,0.8,2.7,.287,.371,.395,0.5,0.7,.767,0.3,1.7,2.0,2.8,0.7,0.3,1.3,2.4,5.7
James Nunnally,TOT,SF,28,15,0,6.8,0.8,2.3,.353,0.5,1.7,.320,.444,.471,0.3,0.3,1.000,0.0,0.3,0.3,0.5,0.1,0.0,0.1,0.7,2.4
Jusuf Nurkić,POR,C,24,72,72,27.4,5.8,11.5,.508,0.0,0.4,.103,.523,.510,3.9,5.1,.773,3.4,7.0,10.4,3.2,1.0,1.4,2.3,3.5,15.6
David Nwaba,CLE,SF,26,51,14,19.3,2.5,5.1,.481,0.5,1.5,.320,.545,.527,1.1,1.7,.682,0.8,2.4,3.2,1.1,0.7,0.3,0.6,2.1,6.5
Royce O'Neale,UTA,SF,25,82,16,20.4,2.0,4.2,.475,0.8,2.1,.386,.569,.574,0.4,0.5,.762,0.3,3.2,3.5,1.5,0.7,0.3,0.9,2.1,5.2
Kyle O'Quinn,IND,C,28,45,3,8.2,1.5,3.0,.507,0.0,0.3,.083,.548,.511,0.4,0.5,.810,0.6,2.0,2.6,1.2,0.2,0.6,0.7,1.5,3.5
Semi Ojeleye,BOS,PF,24,56,3,10.6,1.2,2.8,.424,0.5,1.6,.315,.565,.513,0.4,0.7,.615,0.4,1.1,1.5,0.4,0.2,0.1,0.3,0.8,3.3
Jahlil Okafor,NOP,C,23,59,24,15.8,3.6,6.1,.586,0.0,0.1,.200,.591,.587,1.0,1.5,.663,1.4,3.3,4.7,0.7,0.3,0.7,0.9,1.6,8.2
Elie Okobo,PHO,PG,21,53,16,18.1,2.2,5.5,.393,0.7,2.5,.295,.475,.460,0.7,0.9,.787,0.2,1.6,1.8,2.4,0.6,0.1,1.3,2.1,5.7
Josh Okogie,MIN,SG,20,74,52,23.7,2.6,6.9,.386,0.8,2.9,.279,.464,.445,1.6,2.2,.728,0.6,2.4,2.9,1.2,1.2,0.4,0.9,2.2,7.7
Victor Oladipo,IND,SG,26,36,36,31.9,6.9,16.3,.423,2.1,6.0,.343,.470,.486,2.9,3.9,.730,0.6,5.0,5.6,5.2,1.7,0.3,2.3,2.0,18.8
Kelly Olynyk,MIA,PF,27,79,36,22.9,3.3,7.1,.463,1.4,4.0,.354,.604,.563,1.9,2.3,.822,0.9,3.8,4.7,1.8,0.7,0.5,1.4,2.3,10.0
Cedi Osman,CLE,SF,23,76,75,32.2,4.7,11.1,.427,1.7,4.9,.348,.489,.504,1.9,2.4,.779,0.6,4.1,4.7,2.6,0.8,0.1,1.5,2.6,13.0
Kelly Oubre Jr.,TOT,SF,23,69,19,28.0,5.4,12.2,.445,1.6,4.9,.320,.530,.510,2.7,3.5,.775,1.0,3.7,4.7,1.2,1.2,0.9,1.5,2.6,15.2
Zaza Pachulia,DET,C,34,68,3,12.9,1.3,2.8,.440,0.0,0.1,.000,.450,.440,1.4,1.8,.782,1.5,2.4,3.9,1.3,0.5,0.3,0.8,2.2,3.9
Jabari Parker,TOT,PF,23,64,17,26.9,5.8,11.7,.493,1.0,3.0,.313,.556,.533,2.0,2.9,.712,1.2,5.3,6.6,2.4,0.7,0.5,2.4,2.3,14.5
Tony Parker,CHO,PG,36,56,0,17.9,3.8,8.3,.460,0.2,0.9,.255,.485,.474,1.6,2.2,.734,0.3,1.2,1.5,3.7,0.4,0.1,1.3,0.9,9.5
Chandler Parsons,MEM,SF,30,25,3,19.8,2.7,7.3,.374,1.2,3.8,.309,.443,.453,0.9,1.0,.880,0.2,2.6,2.8,1.7,0.8,0.2,1.3,1.8,7.5
Patrick Patterson,OKC,PF,29,63,5,13.7,1.3,3.5,.374,0.7,2.2,.336,.439,.479,0.3,0.5,.633,0.7,1.7,2.3,0.5,0.3,0.2,0.3,0.7,3.6
Justin Patton,PHI,C,21,3,0,7.0,0.7,2.3,.286,0.0,0.7,.000,.400,.286,0.3,0.7,.500,0.7,1.3,2.0,1.0,0.7,0.0,0.0,1.7,1.7
Chris Paul,HOU,PG,33,58,58,32.0,5.2,12.4,.419,2.2,6.1,.358,.479,.508,3.0,3.5,.862,0.6,3.9,4.6,8.2,2.0,0.3,2.6,2.5,15.6
Cameron Payne,TOT,PG,24,40,13,17.8,2.4,5.6,.430,0.6,2.1,.298,.511,.487,0.8,1.0,.805,0.3,1.5,1.8,2.7,0.7,0.2,1.1,1.6,6.3
Elfrid Payton,NOP,PG,24,42,42,29.8,4.3,9.8,.434,0.8,2.5,.314,.476,.475,1.3,1.8,.743,1.2,4.1,5.2,7.6,1.0,0.4,2.7,1.9,10.6
Gary Payton II,WAS,PG,26,3,0,5.3,1.7,2.7,.625,0.3,0.7,.500,.667,.688,0.0,0.0,,0.3,0.3,0.7,1.3,1.0,0.3,0.3,0.7,3.7
Theo Pinson,BRK,SG,23,18,0,11.7,1.4,4.1,.342,0.7,2.6,.261,.481,.425,1.1,1.2,.864,0.2,1.8,2.0,1.2,0.3,0.0,1.0,0.8,4.5
Mason Plumlee,DEN,C,28,82,17,21.1,3.2,5.4,.593,0.0,0.1,.200,.602,.595,1.4,2.4,.561,2.0,4.4,6.4,3.0,0.8,0.9,1.5,3.1,7.8
Miles Plumlee,ATL,C,30,18,0,9.6,1.8,2.7,.667,0.0,0.0,,.667,.667,0.9,1.7,.533,0.9,1.3,2.2,0.9,0.3,0.2,0.6,0.8,4.4
Jakob Poeltl,SAS,C,23,77,24,16.5,2.4,3.8,.645,0.0,0.0,,.645,.645,0.6,1.2,.533,2.3,3.0,5.3,1.2,0.4,0.9,0.6,1.6,5.5
Quincy Pondexter,SAS,SF,30,53,0,5.5,0.5,1.1,.500,0.1,0.3,.333,.575,.552,0.6,0.8,.810,0.2,0.7,0.9,0.5,0.2,0.0,0.2,0.5,1.8
Otto Porter,TOT,SF,25,56,43,30.1,5.3,11.5,.465,1.9,4.6,.406,.504,.546,1.4,1.7,.813,1.0,4.6,5.6,2.1,1.5,0.6,1.2,1.9,13.9
Bobby Portis,TOT,PF,23,50,28,26.0,5.6,12.6,.444,1.5,3.8,.393,.467,.504,1.5,1.9,.794,2.2,5.9,8.1,1.4,0.7,0.4,1.5,2.9,14.2
Dwight Powell,DAL,C,27,77,22,21.6,3.8,6.3,.597,0.5,1.6,.307,.699,.637,2.5,3.3,.772,1.8,3.5,5.3,1.5,0.6,0.6,0.9,2.6,10.6
Norman Powell,TOR,SG,25,60,3,18.8,3.2,6.7,.483,1.1,2.8,.400,.543,.568,1.0,1.3,.827,0.3,2.1,2.3,1.5,0.7,0.2,1.1,1.6,8.6
Alex Poythress,ATL,PF,25,21,1,14.5,1.9,3.9,.494,0.4,1.1,.391,.534,.549,0.9,1.4,.621,1.4,2.2,3.6,0.8,0.2,0.5,0.6,2.2,5.1
Taurean Prince,ATL,SF,24,55,47,28.2,4.8,10.8,.441,2.2,5.7,.390,.498,.545,1.7,2.1,.819,0.4,3.2,3.6,2.1,1.0,0.3,1.8,2.6,13.5
Zhou Qi,HOU,PF,23,1,0,1.0,1.0,1.0,1.000,0.0,0.0,,1.000,1.000,0.0,0.0,,0.0,0.0,0.0,0.0,0.0,0.0,0.0,0.0,2.0
Ivan Rabb,MEM,PF,21,49,13,14.7,2.4,4.3,.547,0.1,0.3,.200,.574,.554,1.0,1.4,.710,1.4,2.8,4.2,1.1,0.3,0.3,0.7,1.8,5.8
Chasson Randle,WAS,PG,25,49,2,15.2,1.9,4.4,.419,0.9,2.3,.400,.441,.525,0.9,1.3,.694,0.2,0.9,1.1,2.0,0.5,0.1,0.9,1.9,5.5
Julius Randle,NOP,PF,24,73,49,30.6,7.8,14.9,.524,0.9,2.7,.344,.564,.555,4.9,6.7,.731,2.2,6.5,8.7,3.1,0.7,0.6,2.8,3.4,21.4
J.J. Redick,PHI,SG,34,76,63,31.3,5.9,13.5,.440,3.2,8.0,.397,.502,.557,3.0,3.4,.894,0.3,2.2,2.4,2.7,0.4,0.2,1.3,1.7,18.1
Davon Reed,IND,SG,23,10,0,4.7,0.5,1.2,.417,0.2,0.4,.500,.375,.500,0.0,0.0,,0.2,0.4,0.6,0.3,0.1,0.0,0.1,0.3,1.2
Cameron Reynolds,MIN,SG,23,19,0,13.6,1.7,4.1,.423,1.1,2.7,.412,.444,.558,0.4,0.5,.889,0.2,1.4,1.6,0.7,0.3,0.1,0.3,1.4,5.0
Josh Richardson,MIA,SG,25,73,73,34.8,5.8,14.1,.412,2.2,6.3,.357,.458,.492,2.7,3.2,.861,0.7,2.9,3.6,4.1,1.1,0.5,1.5,2.7,16.6
Malachi Richardson,TOR,SG,23,22,0,4.7,0.4,1.3,.310,0.4,1.1,.320,.250,.448,0.2,0.2,.800,0.1,0.5,0.6,0.0,0.0,0.0,0.4,0.6,1.4
Austin Rivers,TOT,SG,26,76,15,26.7,3.1,7.5,.406,1.4,4.3,.318,.522,.497,0.7,1.3,.526,0.3,1.8,2.1,2.2,0.6,0.3,0.9,2.7,8.1
Devin Robinson,WAS,SF,23,7,0,13.6,2.7,4.6,.594,0.0,0.3,.000,.633,.594,1.3,2.0,.643,0.9,2.0,2.9,0.9,0.6,0.9,0.3,1.6,6.7
Duncan Robinson,MIA,SF,24,15,1,10.7,1.2,3.1,.391,0.7,2.3,.286,.727,.500,0.3,0.4,.667,0.1,1.1,1.3,0.3,0.3,0.0,0.3,0.7,3.3
Glenn Robinson III,DET,SF,25,47,18,13.0,1.6,3.7,.420,0.4,1.3,.290,.491,.472,0.7,0.9,.800,0.4,1.1,1.5,0.4,0.3,0.2,0.4,1.0,4.2
Jerome Robinson,LAC,SG,21,33,0,9.7,1.3,3.3,.400,0.5,1.7,.316,.491,.482,0.2,0.3,.667,0.1,1.2,1.2,0.6,0.3,0.1,0.4,1.4,3.4
Mitchell Robinson,NYK,C,20,66,19,20.6,3.1,4.4,.694,0.0,0.0,,.694,.694,1.2,2.0,.600,2.7,3.7,6.4,0.6,0.8,2.4,0.5,3.3,7.3
Rajon Rondo,LAL,PG,32,46,29,29.8,3.8,9.4,.405,1.1,3.1,.359,.428,.464,0.5,0.8,.639,0.7,4.5,5.3,8.0,1.2,0.2,2.8,2.2,9.2
Derrick Rose,MIN,PG,30,51,13,27.3,7.1,14.8,.482,1.1,2.9,.370,.509,.518,2.7,3.1,.856,0.6,2.1,2.7,4.3,0.6,0.2,1.6,1.1,18.0
Terrence Ross,ORL,SG,27,81,0,26.5,5.4,12.7,.428,2.7,7.0,.383,.484,.534,1.6,1.8,.875,0.3,3.1,3.5,1.7,0.9,0.4,1.1,1.5,15.1
Terry Rozier,BOS,PG,24,79,14,22.7,3.3,8.4,.387,1.5,4.3,.353,.422,.477,0.9,1.2,.785,0.4,3.5,3.9,2.9,0.9,0.3,0.9,1.3,9.0
Ricky Rubio,UTA,PG,28,68,67,27.9,4.3,10.7,.404,1.2,3.7,.311,.454,.458,2.9,3.4,.855,0.5,3.1,3.6,6.1,1.3,0.1,2.6,2.6,12.7
D'Angelo Russell,BRK,PG,22,81,81,30.2,8.1,18.7,.434,2.9,7.8,.369,.482,.512,2.0,2.5,.780,0.7,3.2,3.9,7.0,1.2,0.2,3.1,1.7,21.1
Domantas Sabonis,IND,C,22,74,5,24.8,5.6,9.5,.590,0.1,0.2,.529,.592,.596,2.8,3.9,.715,2.5,6.8,9.3,2.9,0.6,0.4,2.2,3.2,14.1
Brandon Sampson,CHI,SG,21,14,2,15.3,2.0,4.3,.467,0.8,2.1,.379,.548,.558,0.3,0.4,.667,0.2,0.9,1.1,0.7,0.6,0.2,0.9,1.4,5.1
JaKarr Sampson,CHI,SF,25,4,0,31.8,7.3,13.5,.537,1.3,3.5,.357,.600,.583,4.3,5.3,.810,1.3,6.8,8.0,1.0,1.0,0.8,1.0,2.0,20.0
Dario Šarić,TOT,PF,24,81,41,25.0,3.8,8.6,.437,1.5,4.0,.365,.499,.522,1.6,1.9,.880,1.6,4.1,5.6,1.6,0.6,0.1,1.2,2.2,10.6
Tomáš Satoranský,WAS,PG,27,80,54,27.1,3.2,6.6,.485,0.8,2.0,.395,.524,.545,1.6,2.0,.819,1.0,2.5,3.5,5.0,1.0,0.2,1.5,2.2,8.9
Dennis Schröder,OKC,PG,25,79,14,29.3,5.8,14.0,.414,1.6,4.6,.341,.450,.470,2.4,2.9,.819,0.5,3.1,3.6,4.1,0.8,0.2,2.2,2.4,15.5
Mike Scott,TOT,PF,30,79,3,17.7,2.1,5.3,.400,1.3,3.2,.401,.399,.520,0.3,0.4,.667,0.5,2.9,3.5,0.8,0.3,0.2,0.6,2.0,5.8
Thabo Sefolosha,UTA,SF,34,50,2,12.2,1.4,3.0,.477,0.7,1.6,.436,.521,.591,0.3,0.4,.636,0.2,2.3,2.5,0.5,0.9,0.1,0.5,0.8,3.8
Wayne Selden,TOT,SG,24,75,13,19.2,2.6,6.4,.406,0.7,2.3,.316,.456,.463,0.9,1.2,.728,0.5,1.9,2.4,1.5,0.4,0.2,1.1,1.7,6.9
Collin Sexton,CLE,PG,20,82,72,31.8,6.3,14.7,.430,1.5,3.6,.402,.440,.480,2.6,3.1,.839,0.7,2.2,2.9,3.0,0.5,0.1,2.3,2.3,16.7
Landry Shamet,TOT,SG,21,79,27,22.8,3.0,7.1,.431,2.1,5.0,.422,.453,.581,0.9,1.2,.806,0.3,1.4,1.7,1.5,0.5,0.1,0.6,2.0,9.1
Iman Shumpert,TOT,SG,28,62,41,23.9,2.7,7.2,.374,1.5,4.4,.348,.416,.481,0.6,0.7,.800,0.4,2.5,3.0,1.8,1.0,0.4,0.8,2.0,7.5
Pascal Siakam,TOR,PF,24,80,79,31.9,6.5,11.8,.549,1.0,2.7,.369,.602,.591,3.0,3.8,.785,1.6,5.3,6.9,3.1,0.9,0.7,1.9,3.0,16.9
Jordan Sibert,ATL,SG,26,1,0,4.0,1.0,1.0,1.000,1.0,1.0,1.000,,1.500,0.0,0.0,,0.0,0.0,0.0,0.0,0.0,0.0,0.0,0.0,3.0
Ben Simmons,PHI,PG,22,79,79,34.2,6.8,12.2,.563,0.0,0.1,.000,.566,.563,3.3,5.4,.600,2.2,6.6,8.8,7.7,1.4,0.8,3.5,2.6,16.9
Jonathon Simmons,TOT,SG-SF,29,56,9,19.0,2.4,6.3,.380,0.5,1.9,.269,.427,.420,1.3,1.7,.742,0.5,1.8,2.3,2.3,0.5,0.3,1.2,1.6,6.5
Kobi Simmons,CLE,PG,21,1,0,2.0,0.0,0.0,,0.0,0.0,,,,0.0,0.0,,0.0,0.0,0.0,0.0,0.0,0.0,0.0,0.0,0.0
Anfernee Simons,POR,SG,19,20,1,7.1,1.4,3.2,.444,0.5,1.5,.345,.529,.524,0.5,0.8,.563,0.2,0.5,0.7,0.7,0.1,0.0,0.6,0.5,3.8
Marcus Smart,BOS,SG,24,80,60,27.5,3.0,7.1,.422,1.6,4.3,.364,.511,.533,1.3,1.6,.806,0.7,2.2,2.9,4.0,1.8,0.4,1.5,2.5,8.9
Dennis Smith Jr.,TOT,PG,21,53,50,28.5,5.2,12.3,.428,1.3,3.9,.322,.477,.479,1.9,2.9,.635,0.6,2.3,2.9,4.8,1.3,0.4,2.9,2.4,13.6
Ish Smith,DET,PG,30,56,0,22.3,3.7,8.7,.419,0.8,2.4,.326,.455,.464,0.8,1.1,.758,0.4,2.2,2.6,3.6,0.5,0.2,1.1,1.9,8.9
J.R. Smith,CLE,SG,33,11,4,20.2,2.5,7.2,.342,1.1,3.5,.308,.375,.418,0.7,0.9,.800,0.0,1.6,1.6,1.9,1.0,0.3,1.0,1.7,6.7
Jason Smith,TOT,C-PF,32,20,1,9.5,1.1,3.0,.356,0.5,1.3,.346,.364,.432,0.7,0.8,.875,0.8,1.8,2.6,0.7,0.2,0.4,0.7,1.5,3.3
Zhaire Smith,PHI,SG,19,6,2,18.5,2.3,5.7,.412,1.0,2.7,.375,.444,.500,1.0,1.3,.750,0.5,1.7,2.2,1.7,0.3,0.3,1.0,1.3,6.7
Tony Snell,MIL,SF,27,74,12,17.6,2.2,4.9,.452,1.1,2.8,.397,.522,.564,0.5,0.6,.881,0.4,1.7,2.1,0.9,0.4,0.2,0.3,1.2,6.0
Ray Spalding,TOT,PF,21,14,3,10.6,1.8,3.4,.532,0.0,0.2,.000,.568,.532,0.3,0.9,.333,1.1,2.4,3.4,0.4,0.6,0.6,0.6,1.6,3.9
Omari Spellman,ATL,PF,21,46,11,17.5,2.1,5.3,.402,1.0,2.8,.344,.466,.492,0.7,1.0,.711,1.6,2.7,4.2,1.0,0.6,0.5,0.7,1.5,5.9
Nik Stauskas,TOT,SG,25,68,0,14.9,2.0,5.0,.402,1.0,2.8,.372,.440,.506,0.8,0.9,.891,0.3,1.6,1.9,1.2,0.3,0.1,0.8,0.7,5.9
D.J. Stephens,MEM,SG,28,1,0,7.0,1.0,2.0,.500,0.0,0.0,,.500,.500,0.0,0.0,,0.0,0.0,0.0,0.0,1.0,0.0,1.0,0.0,2.0
Lance Stephenson,LAL,SG,28,68,3,16.5,2.7,6.4,.426,1.1,2.9,.371,.472,.510,0.7,1.1,.685,0.5,2.7,3.2,2.1,0.6,0.1,1.3,1.6,7.2
Edmond Sumner,IND,PG,23,23,2,9.1,1.0,2.8,.344,0.3,1.2,.259,.405,.398,0.7,1.0,.625,0.4,0.7,1.0,0.4,0.5,0.2,0.4,1.1,2.9
Caleb Swanigan,TOT,PF,21,21,0,8.5,0.9,2.5,.340,0.0,0.3,.143,.370,.349,0.3,0.4,.667,0.8,2.2,3.0,0.5,0.3,0.0,0.9,1.3,2.0
Jayson Tatum,BOS,SF,20,79,79,31.1,5.9,13.1,.450,1.5,3.9,.373,.483,.506,2.5,2.9,.855,0.9,5.2,6.0,2.1,1.1,0.7,1.5,2.1,15.7
Jeff Teague,MIN,PG,30,42,41,30.1,4.2,9.9,.423,0.8,2.5,.333,.453,.465,2.9,3.6,.804,0.4,2.1,2.5,8.2,1.0,0.4,2.3,2.1,12.1
Garrett Temple,TOT,SG,32,75,55,27.2,2.8,6.6,.422,1.2,3.5,.341,.515,.513,1.1,1.4,.748,0.4,2.5,2.9,1.4,1.0,0.4,0.9,2.7,7.8
Miloš Teodosić,LAC,PG,31,15,0,10.0,1.1,2.7,.425,0.7,1.8,.370,.538,.550,0.3,0.5,.571,0.2,0.9,1.1,2.1,0.2,0.1,1.4,1.8,3.2
Jared Terrell,MIN,SG,23,14,0,7.9,0.9,2.8,.308,0.3,1.2,.235,.364,.359,0.2,0.4,.500,0.1,0.4,0.4,0.9,0.2,0.1,0.7,1.1,2.2
Emanuel Terry,TOT,PF,22,3,0,7.7,1.3,2.3,.571,0.0,0.0,,.571,.571,0.7,1.3,.500,1.0,1.3,2.3,0.7,1.0,0.0,0.7,1.3,3.3
Daniel Theis,BOS,C,26,66,2,13.8,2.2,4.0,.549,0.4,1.0,.388,.603,.598,0.8,1.2,.737,1.3,2.1,3.4,1.0,0.3,0.6,0.5,2.4,5.7
Isaiah Thomas,DEN,SG,29,12,0,15.1,2.8,8.3,.343,1.0,3.6,.279,.393,.404,1.4,2.3,.630,0.4,0.7,1.1,1.9,0.4,0.1,1.5,1.4,8.1
Khyri Thomas,DET,SG,22,26,0,7.5,0.8,2.7,.319,0.4,1.3,.286,.353,.391,0.3,0.4,.636,0.2,0.6,0.8,0.3,0.3,0.2,0.2,0.8,2.3
Lance Thomas,NYK,PF,30,46,17,17.0,1.7,4.3,.396,0.5,1.7,.278,.475,.452,0.6,0.8,.750,0.5,2.1,2.5,0.6,0.4,0.2,0.5,1.8,4.5
Klay Thompson,GSW,SG,28,78,78,34.0,8.4,18.0,.467,3.1,7.7,.402,.516,.553,1.7,2.0,.816,0.5,3.4,3.8,2.4,1.1,0.6,1.5,2.0,21.5
Tristan Thompson,CLE,C,27,43,40,27.9,4.7,8.8,.529,0.0,0.0,,.529,.529,1.6,2.5,.642,4.0,6.2,10.2,2.0,0.7,0.4,1.4,2.1,10.9
Sindarius Thornwell,LAC,SG,24,64,1,4.9,0.3,0.8,.347,0.0,0.2,.200,.412,.378,0.4,0.5,.735,0.1,0.6,0.7,0.3,0.2,0.1,0.3,0.6,1.0
Anthony Tolliver,MIN,PF,33,65,0,16.6,1.5,4.0,.382,1.2,3.3,.377,.409,.539,0.7,0.9,.783,0.2,2.5,2.7,0.7,0.3,0.3,0.6,1.4,5.0
Karl-Anthony Towns,MIN,C,23,77,77,33.1,8.8,17.1,.518,1.8,4.6,.400,.562,.572,4.9,5.8,.836,3.4,9.0,12.4,3.4,0.9,1.6,3.1,3.8,24.4
Gary Trent Jr.,POR,SG,20,15,1,7.4,1.1,3.3,.320,0.3,1.4,.238,.379,.370,0.2,0.5,.429,0.1,0.7,0.7,0.3,0.1,0.1,0.3,0.3,2.7
Allonzo Trier,NYK,SG,23,64,3,22.8,3.6,8.1,.448,0.8,2.1,.394,.466,.498,2.8,3.5,.803,0.5,2.6,3.1,1.9,0.4,0.2,1.8,1.8,10.9
P.J. Tucker,HOU,PF,33,82,82,34.2,2.5,6.4,.396,1.8,4.7,.377,.449,.535,0.5,0.7,.695,1.5,4.4,5.8,1.2,1.6,0.5,0.8,3.1,7.3
Evan Turner,POR,PG,30,73,2,22.0,2.8,6.1,.460,0.2,0.7,.212,.494,.473,1.0,1.5,.708,0.5,4.0,4.5,3.9,0.5,0.2,1.6,1.5,6.8
Myles Turner,IND,C,22,74,74,28.6,5.1,10.5,.487,1.0,2.6,.388,.521,.536,2.0,2.7,.736,1.4,5.8,7.2,1.6,0.8,2.7,1.4,2.6,13.3
Ekpe Udoh,UTA,C,31,51,1,6.3,1.0,1.4,.694,0.0,0.0,,.694,.694,0.4,0.6,.633,0.5,1.2,1.8,0.5,0.2,0.6,0.3,0.7,2.3
Tyler Ulis,CHI,PG,23,1,0,1.0,0.0,0.0,,0.0,0.0,,,,0.0,0.0,,0.0,0.0,0.0,0.0,0.0,0.0,0.0,0.0,0.0
Jonas Valančiūnas,TOT,C,26,49,27,22.3,6.1,11.0,.559,0.3,1.0,.292,.586,.572,3.0,3.8,.795,2.2,6.4,8.6,1.4,0.4,1.1,1.8,3.0,15.6
Jarred Vanderbilt,DEN,PF,19,17,0,4.1,0.5,1.1,.474,0.0,0.1,.000,.500,.474,0.4,0.6,.600,0.4,0.9,1.4,0.2,0.4,0.1,0.5,0.5,1.4
Fred VanVleet,TOR,PG,24,64,28,27.5,3.8,9.4,.410,1.8,4.6,.378,.441,.503,1.5,1.8,.843,0.3,2.3,2.6,4.8,0.9,0.3,1.3,1.7,11.0
Noah Vonleh,NYK,PF,23,68,57,25.3,3.0,6.5,.470,0.7,2.0,.336,.531,.523,1.6,2.3,.712,1.7,6.1,7.8,1.9,0.7,0.8,1.3,2.6,8.4
Nikola Vučević,ORL,C,28,80,80,31.4,8.8,16.9,.518,1.1,2.9,.364,.549,.549,2.2,2.8,.789,2.8,9.2,12.0,3.8,1.0,1.1,2.0,2.0,20.8
Dwyane Wade,MIA,SG,37,72,2,26.2,5.8,13.3,.433,1.2,3.6,.330,.472,.478,2.3,3.2,.708,1.0,3.0,4.0,4.2,0.8,0.5,2.3,1.6,15.0
Moritz Wagner,LAL,C,21,43,5,10.4,1.7,4.0,.415,0.5,1.8,.286,.521,.480,1.0,1.2,.811,0.4,1.6,2.0,0.6,0.3,0.3,0.9,1.3,4.8
Dion Waiters,MIA,SG,27,44,28,25.9,4.5,10.9,.414,2.5,6.6,.377,.471,.528,0.5,1.0,.500,0.2,2.5,2.6,2.8,0.7,0.2,1.5,1.6,12.0
Kemba Walker,CHO,PG,28,82,82,34.9,8.9,20.5,.434,3.2,8.9,.356,.494,.511,4.6,5.5,.844,0.6,3.8,4.4,5.9,1.2,0.4,2.6,1.6,25.6
Lonnie Walker,SAS,SG,20,17,0,6.9,0.9,2.7,.348,0.3,0.8,.385,.333,.402,0.5,0.6,.800,0.0,1.0,1.0,0.5,0.4,0.2,0.2,0.4,2.6
John Wall,WAS,PG,28,32,32,34.5,7.7,17.3,.444,1.6,5.3,.302,.507,.490,3.8,5.5,.697,0.5,3.2,3.6,8.7,1.5,0.9,3.8,2.2,20.7
Tyrone Wallace,LAC,PG,24,62,0,10.1,1.5,3.5,.424,0.1,0.3,.211,.444,.433,0.5,0.9,.526,0.3,1.3,1.6,0.7,0.3,0.1,0.6,1.3,3.5
Brad Wanamaker,BOS,PG,29,36,0,9.5,1.4,2.9,.476,0.4,1.1,.410,.515,.552,0.7,0.8,.857,0.1,1.1,1.1,1.6,0.3,0.1,0.5,0.9,3.9
T.J. Warren,PHO,SF,25,43,36,31.6,6.9,14.2,.486,1.8,4.2,.428,.510,.549,2.3,2.9,.815,0.7,3.3,4.0,1.5,1.2,0.7,1.2,2.8,18.0
Julian Washburn,MEM,SF,27,18,3,14.1,0.9,2.7,.333,0.3,1.3,.208,.458,.385,0.2,0.2,.750,0.4,1.8,2.3,0.8,0.7,0.1,0.4,0.9,2.2
Yuta Watanabe,MEM,SF,24,15,0,11.6,1.0,3.4,.294,0.1,1.1,.125,.371,.314,0.5,0.7,.700,0.3,1.8,2.1,0.5,0.3,0.1,0.4,0.7,2.6
Thomas Welsh,DEN,C,22,11,0,3.3,0.6,1.2,.538,0.3,0.6,.429,.667,.654,0.1,0.2,.500,0.0,0.4,0.4,0.5,0.0,0.0,0.1,0.3,1.6
Russell Westbrook,OKC,PG,30,73,73,36.0,8.6,20.2,.428,1.6,5.6,.290,.481,.468,4.1,6.2,.656,1.5,9.6,11.1,10.7,1.9,0.5,4.5,3.4,22.9
Derrick White,SAS,PG,24,67,55,25.8,3.9,8.1,.479,0.7,2.1,.338,.529,.523,1.4,1.8,.772,0.5,3.2,3.7,3.9,1.0,0.7,1.4,2.2,9.9
Okaro White,WAS,PF,26,3,0,2.0,0.0,0.7,.000,0.0,0.7,.000,,.000,0.0,0.0,,0.3,0.3,0.7,0.0,0.0,0.0,0.0,0.0,0.0
Hassan Whiteside,MIA,C,29,72,53,23.3,5.4,9.4,.571,0.0,0.2,.125,.581,.572,1.5,3.4,.449,3.6,7.8,11.3,0.8,0.6,1.9,1.3,2.7,12.3
Andrew Wiggins,MIN,SF,23,73,73,34.8,6.8,16.6,.412,1.6,4.8,.339,.441,.461,2.8,4.1,.699,1.1,3.7,4.8,2.5,1.0,0.7,1.9,2.1,18.1
Alan Williams,BRK,PF,26,5,0,5.2,1.6,2.6,.615,0.0,0.2,.000,.667,.615,0.4,0.8,.500,0.8,3.0,3.8,0.6,0.2,0.0,0.2,0.4,3.6
C.J. Williams,MIN,SG,28,15,0,8.5,1.1,2.3,.486,0.3,1.1,.313,.632,.557,0.0,0.1,.000,0.1,0.5,0.5,0.8,0.4,0.0,0.3,1.1,2.6
Johnathan Williams,LAL,C,23,24,0,15.5,2.7,4.6,.591,0.0,0.1,.000,.602,.591,1.1,2.0,.563,2.0,2.1,4.1,0.5,0.3,0.3,0.7,2.6,6.5
Kenrich Williams,NOP,SF,24,46,29,23.5,2.3,6.1,.384,1.1,3.4,.333,.447,.477,0.3,0.4,.684,1.2,3.6,4.8,1.8,1.0,0.4,0.8,2.1,6.1
Lou Williams,LAC,SG,32,75,1,26.6,6.5,15.2,.425,1.4,3.9,.361,.447,.471,5.7,6.5,.876,0.5,2.4,3.0,5.4,0.8,0.1,2.4,1.1,20.0
Marvin Williams,CHO,PF,32,75,75,28.4,3.7,8.7,.422,1.9,5.1,.366,.500,.529,0.9,1.1,.767,1.0,4.4,5.4,1.2,0.9,0.8,0.6,2.1,10.1
Robert Williams,BOS,C,21,32,2,8.8,1.1,1.6,.706,0.0,0.0,,.706,.706,0.3,0.5,.600,0.8,1.7,2.5,0.2,0.3,1.3,0.3,1.1,2.5
Troy Williams,SAC,SF,24,21,0,14.9,2.1,4.7,.449,0.7,2.1,.318,.556,.520,0.4,0.7,.600,0.6,2.2,2.8,0.5,0.5,0.4,0.4,1.8,5.3
D.J. Wilson,MIL,PF,22,48,3,18.4,2.2,5.2,.414,1.0,2.6,.362,.468,.506,0.5,1.0,.553,0.9,3.7,4.6,1.1,0.4,0.4,0.7,1.8,5.8
Justise Winslow,MIA,SF,22,66,52,29.7,4.9,11.3,.433,1.5,3.9,.375,.462,.497,1.3,2.1,.628,1.0,4.4,5.4,4.3,1.1,0.3,2.2,2.7,12.6
Christian Wood,TOT,PF,23,21,2,12.0,2.9,5.6,.521,0.4,1.2,.346,.571,.560,2.0,2.7,.732,0.8,3.1,4.0,0.4,0.3,0.5,0.8,0.8,8.2
Delon Wright,TOT,PG,26,75,13,22.7,3.2,7.4,.434,0.7,2.2,.298,.492,.478,1.6,2.0,.793,0.9,2.6,3.5,3.3,1.2,0.4,1.0,1.4,8.7
Guerschon Yabusele,BOS,PF,23,41,1,6.1,0.9,1.9,.455,0.2,0.7,.321,.531,.513,0.4,0.5,.682,0.6,0.7,1.3,0.4,0.2,0.2,0.4,0.8,2.3
Nick Young,DEN,SG,33,4,0,9.3,0.8,2.3,.333,0.8,2.0,.375,.000,.500,0.0,0.0,,0.0,0.3,0.3,0.5,0.0,0.3,0.5,1.0,2.3
Thaddeus Young,IND,PF,30,81,81,30.7,5.5,10.4,.527,0.6,1.8,.349,.564,.557,1.1,1.7,.644,2.4,4.1,6.5,2.5,1.5,0.4,1.5,2.4,12.6
Trae Young,ATL,PG,20,81,81,30.9,6.5,15.5,.418,1.9,6.0,.324,.477,.480,4.2,5.1,.829,0.8,2.9,3.7,8.1,0.9,0.2,3.8,1.7,19.1
Cody Zeller,CHO,C,26,49,47,25.4,3.9,7.0,.551,0.1,0.4,.273,.570,.559,2.3,2.9,.787,2.2,4.6,6.8,2.1,0.8,0.8,1.3,3.3,10.1
Tyler Zeller,TOT,C,29,6,1,15.5,2.7,5.0,.533,0.0,0.2,.000,.552,.533,2.3,3.0,.778,1.8,2.2,4.0,0.7,0.2,0.5,0.7,3.3,7.7
Ante Žižić,CLE,C,22,59,25,18.3,3.1,5.6,.553,0.0,0.0,,.553,.553,1.6,2.2,.705,1.8,3.6,5.4,0.9,0.2,0.4,1.0,1.9,7.8
Ivica Zubac,TOT,C,21,59,37,17.6,3.6,6.4,.559,0.0,0.0,,.559,.559,1.7,2.1,.802,1.9,4.2,6.1,1.1,0.2,0.9,1.2,2.3,8.9
